 The C Programming Language;131103628;9,78013E+12;Brian W. Kernighan, Dennis M. Ritchie;Prentice Hall;language, programming;272;01/04/1988;Paperback;67.00 USD
 C Programming Absolute Beginner's Guide (3rd Edition);789751984;9,78079E+12;Greg Perry, Dean Miller;Que Publishing;guide, beginner, absolute, programming;352;17/08/2013;Paperback;29.99 USD
 The C Programming Language;8120305965;9,78812E+12;Brian W. Kernighan, Dennis M. Ritchie;Prentice;language, programming;272;1988;Paperback;14.95 USD
 C Programming: A Modern Approach, 2nd Edition;393979504;9,78039E+12; K. N. King;W. W. Norton & Company;approach, modern, programming;832;19/04/2008;Paperback;Unknown
 Programming in C (4th Edition) (Developer's Library);321776410;9,78032E+12; Stephen G. Kochan;Addison-Wesley Professional;library, developer, programming;600;28/08/2014;Paperback;49.99 USD
 C Programming Success in a Day: Beginners' Guide To Fast, Easy And Efficient Learning Of C Programming;1508429030;9,78151E+12; Sam Key;CreateSpace Independent Publishing Platform;programming, easy, efficient, learning, fast, guide, success, day, beginners;88;09/02/2015;Paperback;19.35 USD
 C Programming: C Programming Language Guide For Beginners (Written By A Software Engineer) (Volume 1);1505857945;9,78151E+12; Scott Sanderson;CreateSpace Independent Publishing Platform;programming, engineer, volume, software, beginners, language, guide, written;158;31/12/2014;Paperback;14.99 USD
 Expert C Programming: Deep C Secrets;131774298;9,78013E+12; Peter van der Linden;Prentice Hall;secrets, programming, expert;353;24/06/1994;Paperback;42.99 USD
 Programming in C (3rd Edition);672326663;9,78067E+12; Stephen G. Kochan;Sams Publishing;programming;576;18/07/2004;Paperback;49.99 USD
 Objective-C Programming: The Big Nerd Ranch Guide (2nd Edition) (Big Nerd Ranch Guides);032194206X;9,78032E+12;Aaron Hillegass, Mikey Ward;Big Nerd Ranch Guides;ranch, nerd, guides, guide, programming, objective;325;28/11/2013;Paperback;39.99 USD
 C Programming in One Hour a Day, Sams Teach Yourself (7th Edition);789751992;9,78079E+12;Bradley L. Jones, Peter Aitken, Dean Miller;Sams Publishing;teach, yourself, sams, day, one, hour, programming;720;21/10/2013;Paperback;39.99 USD
 C Programming: A Modern Approach;393969452;9,78039E+12;K. N. King, K.N. King;W W Norton & Co Inc;approach, modern, programming;661;1996-02;Paperback;90.90 USD
 The C Answer Book: Solutions to the Exercises in 'The C Programming Language,' Second Edition;131096532;9,78013E+12;Clovis L. Tondo, Scott E. Gimpel;Prentice Hall;language, second, programming, exercises, solutions, book;208;11/11/1988;Paperback;48.67 USD
 C All-in-One Desk Reference For Dummies;764570692;9,78076E+12; Dan Gookin;Wiley Publishing, Inc.;dummies, reference, desk, one;840;03/09/2004;Paperback;34.99 USD
 C Programming for the Absolute Beginner, 3rd;1305273761;9,78131E+12;Keith Davenport, Michael Vine;Cengage Learning PTR;beginner, absolute, programming;336;17/09/2014;Paperback;29.99 USD
 C Programming Professional Made Easy: Expert C Programming Language Success In A Day For Any Computer User!;1508818665;9,78151E+12; Getaway Guides;CreateSpace Independent Publishing Platform;programming, day, computer, user, success, expert, professional, made, easy, language;118;10/03/2015;Paperback;16.13 USD
 C Programming - An Advanced Course;1438275579;9,78144E+12; Noel Kalicharan;CreateSpace Independent Publishing Platform;course, advanced, programming;224;11/08/2008;Paperback;24.95 USD
 C Primer Plus (6th Edition) (Developer's Library);321928423;9,78032E+12; Stephen Prata;Addison-Wesley Professional;library, developer, plus, primer;1080;06/12/2013;Paperback;54.99 USD
 Programming in Objective-C (6th Edition) (Developer's Library);321967607;9,78032E+12; Stephen G. Kochan;Addison-Wesley Professional;library, developer, objective, programming;576;13/12/2013;Paperback;49.99 USD
 Practical C Programming (Nutshell Handbooks);1565923065;9,78157E+12; Steve Oualline;O\'Reilly Media;handbooks, nutshell, programming, practical;456;11/08/1997;Paperback;34.95 USD
 Learn C the Hard Way: A Clear & Direct Introduction To Modern C Programming (Zed Shaw's Hard Way Series);321884922;9,78032E+12; Zed A. Shaw;Addison-Wesley Professional;hard, way, zed, shaw, series, programming, introduction, clear, direct, learn, modern;380;27/07/2015;Paperback;39.99 USD
 Professional CUDA C Programming;1118739329;9,78112E+12;John Cheng, Max Grossman, Ty McKercher;Wrox;programming, cuda, professional;528;09/09/2014;Paperback;59.99 USD
 Head First C;1449399916;9,78145E+12;David Griffiths, Dawn Griffiths;O\'Reilly Media;first, head;632;22/04/2012;Paperback;49.99 USD
 C Programming in Easy Steps;1840785446;9,78184E+12; Mike McGrath;In Easy Steps Limited;steps, easy, programming;192;12/06/2012;Paperback;14.99 USD
 C Pocket Reference;596004362;9,7806E+12;Peter Prinz, Ulla Kirch-Prinz;O\'Reilly Media;reference, pocket;144;30/11/2002;Paperback;9.95 USD
 C For Dummies;764570684;9,78076E+12; Dan Gookin;For Dummies;dummies;408;07/05/2004;Paperback;24.99 USD
 Programming: Principles and Practice Using C++ (2nd Edition);321992784;9,78032E+12; Bjarne Stroustrup;Addison-Wesley Professional;using, practice, principles, programming;1312;25/05/2014;Paperback;74.99 USD
 The C++ Programming Language, 4th Edition;321563840;9,78032E+12; Bjarne Stroustrup;Addison-Wesley Professional;language, programming;1368;19/05/2013;Paperback;74.99 USD
 21st Century C: C Tips from the New School;1491903899;9,78149E+12; Ben Klemens;O\'Reilly Media;school, new, tips, century;408;12/10/2014;Paperback;49.99 USD
 C Programming for Embedded Microcontrollers;905705807;9,78091E+12; Warwick A. Smith;Elektor Publishing;microcontrollers, embedded, programming;319;19/10/2009;Paperback;Unknown
 Beginning C for Arduino: Learn C Programming for the Arduino (Technology in Action);1430247762;9,78143E+12; Ph.D. , Jack Purdum;Apress;arduino, action, technology, learn, beginning, programming;280;03/12/2012;Paperback;39.99 USD
 C in a Nutshell (In a Nutshell (O'Reilly));596006977;9,7806E+12;Peter Prinz, Tony Crawford;O\'Reilly Media;nutshell, reilly;622;26/12/2005;Paperback;39.95 USD
 Secure Coding in C and C++ (2nd Edition) (SEI Series in Software Engineering);321822137;9,78032E+12; Robert C. Seacord;Addison-Wesley Professional;software, engineering, series, sei, coding, secure;600;12/04/2013;Paperback;54.99 USD
 Linux System Programming: Talking Directly to the Kernel and C Library;1449339530;9,78145E+12; Robert Love;O\'Reilly Media;kernel, library, directly, talking, system, programming, linux;456;08/06/2013;Paperback;59.99 USD
 C Programming in 12 Easy Lessons;672305224;9,78067E+12; Greg M. Perry;Prentice Hall;lessons, easy, programming;603;1994-01;Paperback;39.99 USD
 Accelerated C++: Practical Programming by Example;020170353X;9,7802E+12;Andrew Koenig, Barbara E. Moo;Addison-Wesley Professional;example, programming, practical, accelerated;352;24/08/2000;Paperback;49.99 USD
 A Book on C: Programming in C (4th Edition);201183994;9,7802E+12;Al Kelley, Ira Pohl;Addison-Wesley Professional;programming, book;726;08/01/1998;Paperback;79.99 USD
 Microsoft Visual C# 2013 Step by Step (Step by Step Developer);073568183X;9,78074E+12; John Sharp;Microsoft Press;developer, visual, microsoft;824;25/11/2013;Paperback;44.99 USD
 C Primer Plus (5th Edition);672326965;9,78067E+12; Stephen Prata;Sams Publishing;plus, primer;984;03/12/2004;Paperback;54.99 USD
 C# 5.0 in a Nutshell: The Definitive Reference;1449320104;9,78145E+12;Joseph Albahari, Ben Albahari;O\'Reilly Media;reference, definitive, nutshell;1064;29/06/2012;Paperback;54.99 USD
 The C Puzzle Book;201604612;9,7802E+12; Alan R. Feuer;Addison-Wesley Professional;book, puzzle;192;25/10/1998;Paperback;24.99 USD
 C++ Programming For Beginners: A Simple Start To C++ Programming Written By A So ( C++, C++ Programming For Beginners, C Programming, C++ Programming Language) (Volume 1);1503162281;9,7815E+12; Scott Sanderson;CreateSpace Independent Publishing Platform;programming, beginners, language, volume, start, simple, written;134;15/11/2014;Paperback;14.99 USD
 Sudoku Programming with C;1484209966;9,78148E+12; Giulio Zambon;Apress;programming, sudoku;300;12/03/2015;Paperback;24.99 USD
 C Programming FAQs: Frequently Asked Questions;201845199;9,7802E+12; Steve Summit;Addison-Wesley Professional;questions, asked, frequently, faqs, programming;432;17/11/1995;Paperback;34.99 USD
 Programming and Metaprogramming in the Human Biocomputer: Theory and Experiments;692217894;9,78069E+12; Dr. John C. Lilly;Float On;theory, experiments, biocomputer, human, metaprogramming, programming;252;08/05/2014;Paperback;19.95 USD
 Understanding and Using C Pointers;1449344186;9,78145E+12; Richard M. Reese;O\'Reilly Media;pointers, using, understanding;226;18/05/2013;Paperback;39.99 USD
 Problem Solving and Program Design in C (7th Edition);132936496;9,78013E+12;Jeri R. Hanly, Elliot B. Koffman;Prentice Hall;design, program, solving, problem;840;04/03/2012;Paperback;147.00 USD
 C# in Depth, 3rd Edition;161729134X;9,78162E+12; Jon Skeet;Manning Publications;depth;616;30/09/2013;Paperback;49.99 USD
 Make: AVR Programming: Learning to Write Software for Hardware;1449355781;9,78145E+12; Elliot Williams;Maker Media, Inc;software, hardware, write, learning, programming, avr;474;17/02/2014;Paperback;44.99 USD
 A First Book of ANSI C, Fourth Edition (Introduction to Programming);1418835560;9,78142E+12; Gary J. Bronson;Cengage Learning;introduction, programming, fourth, ansi, book, first;784;02/02/2006;Paperback;222.95 USD
 C Programming for Arduino;1849517584;9,78185E+12; Julien Bayle;Packt Publishing;arduino, programming;512;17/05/2013;Paperback;49.99 USD
 C Programming Guide;880223561;9,78088E+12; Jack J. Purdum;Que Pub;guide, programming;475;1988-12;Paperback;24.95 USD
 Beginning Programming with C For Dummies;1118737636;9,78112E+12; Dan Gookin;For Dummies;dummies, programming, beginning;456;28/10/2013;Paperback;29.99 USD
 Programming in C with Numerical Methods for Engineers;137264984;9,78014E+12; Kamal B. Rojiani;Prentice Hall;engineers, methods, numerical, programming;1130;14/12/1995;Paperback;103.00 USD
 Absolute Beginner's Guide to C (2nd Edition);672305100;9,78067E+12; Greg Perry;Sams Publishing;guide, beginner, absolute;432;18/04/1994;Paperback;39.99 USD
 SPARC Architecture, Assembly Language Programming, and C (2nd Edition);130255963;9,78013E+12; Richard Paul;Prentice Hall;programming, language, assembly, architecture, sparc;528;08/08/1999;Paperback;167.00 USD
 Objective-C Programming For Dummies;111821398X;9,78112E+12; Neal Goldstein;For Dummies;dummies, programming, objective;480;23/10/2012;Paperback;29.99 USD
 Mastering Algorithms with C;1565924533;9,78157E+12; Kyle Loudon;O\'Reilly Media;algorithms, mastering;562;15/08/1999;Paperback;44.99 USD
 iOS Programming: The Big Nerd Ranch Guide (4th Edition) (Big Nerd Ranch Guides);321942051;9,78032E+12;Joe Conway, Aaron Hillegass, Christian Keur;Big Nerd Ranch Guides;ranch, nerd, guides, guide, programming, ios;560;21/02/2014;Paperback;49.99 USD
 Effective Modern C++: 42 Specific Ways to Improve Your Use of C++11 and C++14;1491903996;9,78149E+12; Scott Meyers;O\'Reilly Media;improve, ways, specific, modern, effective;336;05/12/2014;Paperback;49.99 USD
 Oracle Database 12c PL / SQL Programming;71812431;9,78007E+12; Michael McLaughlin;Mcgraw-Hill Osborne Media;programming, sql, 12c, database, oracle;1154;24/01/2014;Paperback;70.00 USD
 C Interfaces and Implementations: Techniques for Creating Reusable Software;201498413;9,7802E+12; David R. Hanson;Addison-Wesley Professional;reusable, software, creating, techniques, implementations, interfaces;544;30/08/1996;Paperback;54.99 USD
 C++ Programming Professional Made Easy: Expert C++ Programming Language Success in a Day for Any Computer User!;1508429081;9,78151E+12; Sam Key;CreateSpace Independent Publishing Platform;programming, day, computer, user, success, expert, professional, made, easy, language;92;09/02/2015;Paperback;22.85 USD
 Beginning C Programming;1861001142;9,78186E+12; Ivor Horton;Wrox Press;programming, beginning;525;1997-08;Paperback;29.95 USD
 Programming Arduino: Getting Started With Sketches;71784225;9,78007E+12; Monk Simon;Tab Books;sketches, started, getting, arduino, programming;162;08/11/2011;Paperback;15.00 USD
 Programming Problems: Advanced Algorithms (Volume 2);1484964098;9,78148E+12; Bradley Green;CreateSpace Independent Publishing Platform;volume, algorithms, advanced, problems, programming;200;27/02/2013;Paperback;13.95 USD
 Head First C#;1449343503;9,78145E+12;Jennifer Greene, Andrew Stellman;O\'Reilly Media;first, head;1100;16/09/2013;Paperback;54.99 USD
 Programming Embedded Systems in C and C++;1565923545;9,78157E+12; Michael Barr;O\'Reilly Media;systems, embedded, programming;200;09/02/1999;Paperback;29.95 USD
 Objective-C Programming: The Big Nerd Ranch Guide (Big Nerd Ranch Guides);321706285;9,78032E+12; Aaron Hillegass;Big Nerd Ranch Guides;ranch, nerd, guides, guide, programming, objective;288;28/10/2011;Paperback;39.99 USD
 C Programming for the Absolute Beginner;1598634801;9,7816E+12; Michael Vine;Cengage Learning PTR;beginner, absolute, programming;336;11/10/2007;Paperback;29.99 USD
 Introduction to C Programming;198086393;9,7802E+12; Reema Thareja;Oxford University Press;programming, introduction;448;19/04/2013;Paperback;29.95 USD
 Schaum's Outline of Programming with C;70240353;9,78007E+12; Byron Gottfried;McGraw-Hill;programming, outline, schaum;532;22/06/1996;Paperback;20.00 USD
 Oracle Database 12c PL/SQL Advanced Programming Techniques;71835148;9,78007E+12;Michael McLaughlin, John Harper;McGraw-Hill Osborne Media;programming, techniques, advanced, sql, database, 12c, oracle;448;10/11/2014;Paperback;75.00 USD
 Computer Science: A Structured Programming Approach Using C (3rd Edition);534491324;9,78053E+12;Behrouz A. Forouzan, Richard F. Gilberg;Cengage Learning;approach, using, programming, structured, science, computer;1184;06/02/2006;Paperback;210.95 USD
 System Programming with C and Unix;136067123;9,78014E+12; Adam Hoover;Addison-Wesley;unix, programming, system;400;23/02/2009;Paperback;142.60 USD
 The CERT® C Coding Standard, Second Edition: 98 Rules for Developing Safe, Reliable, and Secure Systems (2nd Edition) (SEI Series in Software Engineering);321984048;9,78032E+12; Robert C. Seacord;Addison-Wesley Professional;systems, secure, sei, series, engineering, software, reliable, safe, standard, coding, second, rules, developing, cert??;576;24/04/2014;Paperback;59.99 USD
 The Standard C Library;131315099;9,78013E+12; P.J. Plauger;Prentice Hall;library, standard;512;11/07/1992;Paperback;84.67 USD
 Beginning Visual C# 2012 Programming;1118314417;9,78112E+12;Karli Watson, Jacob Vibe Hammer, Jon D. Reid, Morgan Skinner, Daniel Kemper, Christian Nagel;Wrox;programming, visual, beginning;912;17/12/2012;Paperback;44.99 USD
 Programming Abstractions in C++;133454843;9,78013E+12; Eric Roberts;Prentice Hall;abstractions, programming;960;07/08/2013;Paperback;162.20 USD
 Data Structures and Algorithms Made Easy: Data Structure and Algorithmic Puzzles, Second Edition;1468108867;9,78147E+12; Narasimha Karumanchi;CreateSpace Independent Publishing Platform;data, algorithmic, puzzles, second, structure, easy, structures, algorithms, made;434;19/12/2011;Paperback;39.99 USD
 Programming for the Absolute Beginner;1598633740;9,7816E+12; Jerry Lee Ford Jr.;Cengage Learning PTR;beginner, absolute, programming;384;23/04/2007;Paperback;29.99 USD
 Advanced C Programming by Example;534951406;9,78053E+12; John W. Perry;Pws Pub Co;example, programming, advanced;320;14/01/1998;Paperback;60.95 USD
 LEGO® Mindstorms NXT Power Programming: Robotics in C;973864974;9,78097E+12; John C. Hansen;Variant Press;programming, robotics, power, nxt, mindstorms, lego??;560;01/09/2009;Paperback;29.95 USD
 Concepts in Programming Languages;521780985;9,78052E+12; John C. Mitchell;Cambridge University Press;languages, programming, concepts;540;14/10/2002;Hardcover;94.99 USD
 C++ Primer Plus (6th Edition) (Developer's Library);321776402;9,78032E+12; Stephen Prata;Addison-Wesley Professional;library, developer, plus, primer;1200;28/10/2011;Paperback;59.99 USD
 Programming in Objective-C (5th Edition) (Developer's Library);032188728X;9,78032E+12; Stephen G. Kochan;Addison-Wesley Professional;library, developer, objective, programming;552;14/12/2012;Paperback;49.99 USD
 Beginning C++ Through Game Programming;1435457420;9,78144E+12; Michael Dawson;Cengage Learning PTR;programming, game, beginning;432;18/10/2010;Paperback;34.99 USD
 C Programming for Embedded Systems;1929629044;9,78193E+12; Kirk Zurell;CRC Press;systems, embedded, programming;172;01/03/2000;Paperback;32.95 USD
 C by Dissection: The Essentials of C Programming (4th Edition);201713748;9,7802E+12;Al Kelley, Ira Pohl;Addison-Wesley;programming, essentials, dissection;641;09/11/2000;Paperback;154.40 USD
 Programming C# 5.0: Building Windows 8, Web, and Desktop Applications for the .NET 4.5 Framework;1449320414;9,78145E+12; Ian Griffiths;O\'Reilly Media;applications, net, framework, desktop, web, building, windows, programming;886;08/11/2012;Paperback;54.99 USD
 PC Magazine Guide to C Programming;1562760696;9,78156E+12; Jack J. Purdum;Ziff Davis Pr;programming, guide, magazine;498;1992-07;Paperback;29.95 USD
 C: The Complete Reference, 4th Ed.;72121246;9,78007E+12; Herbert Schildt;McGraw-Hill Osborne Media;reference, complete;805;26/04/2000;Paperback;44.00 USD
 C: How to Program (6th Edition);136123562;9,78014E+12;Paul Deitel, Harvey M. Deitel;Prentice Hall;program;1008;08/11/2009;Paperback;144.20 USD
 Secure Programming Cookbook for C and C++: Recipes for Cryptography, Authentication, Input Validation & More;596003943;9,7806E+12;John Viega, Matt Messier;O\'Reilly Media;authentication, input, validation, cryptography, recipes, programming, cookbook, secure;792;24/07/2003;Paperback;74.99 USD
 Test Driven Development for Embedded C (Pragmatic Programmers);193435662X;9,78193E+12; James W. Grenning;Pragmatic Bookshelf;pragmatic, programmers, embedded, development, driven, test;352;05/05/2011;Paperback;34.95 USD
 Beginning Programming in 24 Hours, Sams Teach Yourself (3rd Edition);672337002;9,78067E+12;Greg Perry, Dean Miller;Sams Publishing;teach, yourself, sams, hours, programming, beginning;464;19/12/2013;Paperback;29.99 USD
 C: How to Program, 7th Edition;013299044X;9,78013E+12;Paul Deitel, Harvey Deitel;Prentice Hall;program;912;04/03/2012;Paperback;164.60 USD
 The Linux Programming Interface: A Linux and UNIX System Programming Handbook;1593272200;9,78159E+12; Michael Kerrisk;No Starch Press;linux, programming, handbook, system, interface, unix;1552;28/10/2010;Hardcover;99.95 USD
 Programming in Objective-C 2.0 (2nd Edition);321566157;9,78032E+12; Stephen G. Kochan;Addison-Wesley Professional;objective, programming;624;08/01/2009;Paperback;44.99 USD
 Programming Arduino Next Steps: Going Further with Sketches (Tab);71830251;9,78007E+12; Simon Monk;McGraw-Hill/TAB Electronics;sketches, tab, further, going, arduino, steps, programming;288;25/09/2013;Paperback;20.00 USD
 C Programming for Microcontrollers Featuring ATMEL's AVR Butterfly and the free WinAVR Compiler;976682206;9,78098E+12; Joe Pardue;Smiley Micros;free, winavr, compiler, butterfly, avr, microcontrollers, featuring, atmel, programming;300;01/03/2005;Paperback;49.95 USD
 iOS 7 Programming Fundamentals: Objective-C, Xcode, and Cocoa Basics;1491945575;9,78149E+12; Matt Neuburg;O\'Reilly Media;cocoa, basics, xcode, objective, programming, fundamentals, ios;422;01/11/2013;Paperback;44.99 USD
 Objective-C and iOS Programming: A Simplified Approach To Developing Apps for the Apple iPhone & iPad;1285187059;9,78129E+12; Arshia Khan;Cengage Learning;apps, iphone, ipad, developing, approach, ios, programming, simplified, objective;528;28/01/2014;Paperback;84.95 USD
 Programming in the Key of C#: A Primer for Aspiring Programmers (Developer Reference);735618003;9,78074E+12; Charles Petzold;Microsoft Press;developer, reference, programmers, aspiring, key, primer, programming;432;31/07/2003;Paperback;29.99 USD
 Programming in ANSI C Deluxe Revised;672303396;9,78067E+12; Stephen Kochan;Sams;revised, deluxe, ansi, programming;534;1994-01;Paperback;29.95 USD
 Embedded C Programming: Techniques and Applications of C and PIC MCUS;128013141;9,78013E+12; Mark Siegesmund;Newnes;pic, mcus, applications, techniques, programming, embedded;424;03/10/2014;Paperback;59.95 USD
 Programming And Problem Solving With C++: Comprehensive;1284028763;9,78128E+12;Nell Dale, Chip Weems;Jones & Bartlett Learning;comprehensive, solving, problem, programming;1068;06/03/2013;Paperback;154.95 USD
 C Programming Success in a Day & C Programming Professional Made Easy (Volume 1);1511442360;9,78151E+12; Sam Key;CreateSpace Independent Publishing Platform;programming, easy, volume, made, professional, success, day;52;24/03/2015;Paperback;12.26 USD
 Functional Programming in C#: Classic Programming Techniques for Modern Projects;470744588;9,78047E+12; Oliver Sturm;Wrox;programming, projects, modern, classic, functional, techniques;288;19/04/2011;Paperback;34.99 USD
 Programming with Visual C++: Concepts and Projects (Introduction to Programming);142390186X;9,78142E+12; James Allert;Cengage Learning;programming, introduction, projects, concepts, visual;776;20/02/2008;Paperback;203.95 USD
 Programming in Objective-C, Third Edition (Developer's Library);321711394;9,78032E+12; Stephen G. Kochan;Addison-Wesley Professional;library, developer, third, objective, programming;552;20/06/2011;Paperback;49.99 USD
 Schaum's Outline of Programming with C++;71353461;9,78007E+12; John Hubbard;McGraw-Hill;programming, outline, schaum;422;06/06/2000;Paperback;22.00 USD
 Exam Ref 70-483 Programming in C# (MCSD);735676828;9,78074E+12; Wouter de Kort;Microsoft Press;mcsd, programming, ref, exam;384;25/07/2013;Paperback;39.99 USD
 Embedded C Programming and the Atmel AVR;1418039594;9,78142E+12;Richard H. Barnett, Sarah Cox, Larry O\'Cull;Cengage Learning;avr, atmel, programming, embedded;560;05/06/2006;Paperback;237.95 USD
 Microsoft Quick C Programming: The Microsoft Guide to Using the Quick C Compiler (Quick reference);1556150482;9,78156E+12;Mitchell Waite, et al, The Waite Group;Microsoft Press,U.S.;quick, microsoft, reference, compiler, guide, programming, using;400;24/11/1988;Paperback;Unknown
 Head First C#, 2E: A Learner's Guide to Real-World Programming with Visual C# and .NET (Head First Guides);1449380344;9,78145E+12;Andrew Stellman, Jennifer Greene;O\'Reilly Media;head, first, visual, guides, programming, net, real, learner, guide, world;840;31/05/2010;Paperback;49.99 USD
 C++ Primer (5th Edition);321714113;9,78032E+12;Stanley B. Lippman, Josée Lajoie, Barbara E. Moo;Addison-Wesley Professional;primer;976;16/08/2012;Paperback;64.99 USD
 Programming 32-bit Microcontrollers in C: Exploring the PIC32 (Embedded Technology);750687096;9,78075E+12; Lucio Di Jasio;Newnes;embedded, technology, pic32, exploring, bit, microcontrollers, programming;552;17/04/2008;Paperback;72.95 USD
 Programming in Objective-C (4th Edition) (Developer's Library);321811909;9,78032E+12; Stephen G. Kochan;Addison-Wesley Professional;library, developer, objective, programming;600;26/12/2011;Paperback;49.99 USD
 Graphics Programming in C: A Comprehensive Resource for Every C Programmer : Covers Cga, Ega, and Vga Graphic Displays and Includes a Complete Toolb;1558510184;9,78156E+12; Roger T. Stevens;M & T Books;graphic, vga, displays, includes, toolb, complete, ega, cga, comprehensive, programming, resource, programmer, covers, graphics;639;1988-11;Paperback;26.95 USD
 Programming C#: Building .NET Applications with C#;596006993;9,7806E+12; Jesse Liberty;O\'Reilly Media;applications, net, building, programming;672;04/03/2005;Paperback;44.95 USD
 Sams Teach Yourself C++ in One Hour a Day (7th Edition);672335670;9,78067E+12; Siddhartha Rao;Sams Publishing;hour, day, one, yourself, teach, sams;768;20/05/2012;Paperback;44.99 USD
 C Traps and Pitfalls;201179288;9,7802E+12; Andrew Koenig;Addison-Wesley Professional;pitfalls, traps;160;11/01/1989;Paperback;39.99 USD
 C Programming for Scientists and Engineers (Manufacturing Engineering Series);1857180305;9,78186E+12; Robert L. Wood;Butterworth-Heinemann;engineering, series, manufacturing, engineers, scientists, programming;160;20/06/2002;Paperback;32.95 USD
 Programming 16-Bit PIC Microcontrollers in C, Second Edition: Learning to Fly the PIC 24;1856178706;9,78186E+12; Lucio Di Jasio;Newnes;pic, learning, second, microcontrollers, programming, bit;416;28/12/2011;Paperback;59.95 USD
 C Programming For Scientists And Engineers With Applications;763739529;9,78076E+12;Rama Reddy, Carol Ziegler;Jones & Bartlett Learning;applications, engineers, scientists, programming;838;17/08/2009;Paperback;182.95 USD
 The Clean Coder: A Code of Conduct for Professional Programmers (Robert C. Martin Series);137081073;9,78014E+12; Robert C. Martin;Prentice Hall;robert, martin, series, programmers, professional, coder, code, conduct, clean;256;23/05/2011;Paperback;44.99 USD
 C Programming for Beginners: Learn with Examples;150317591X;9,7815E+12; Mr. Sandy Paul;CreateSpace Independent Publishing Platform;examples, learn, beginners, programming;106;10/11/2014;Paperback;12.99 USD
 Agile Principles, Patterns, and Practices in C#;131857258;9,78013E+12;Robert C. Martin, Micah Martin;Prentice Hall;practices, patterns, principles, agile;768;30/07/2006;Hardcover;74.99 USD
 Beginning C# Object-Oriented Programming (Expert's Voice in .NET);1430249358;9,78143E+12; Dan Clark;Apress;voice, net, expert, programming, object, oriented, beginning;384;26/03/2013;Paperback;49.99 USD
 C Programming For the PC the MAC and the Arduino Microcontroller System;1491880503;9,78149E+12; Peter D. Minns;AuthorHouseUK;system, microcontroller, arduino, mac, programming;250;12/11/2013;Paperback;27.39 USD
 C Programming for Engineering and Computer Science (B.E.S.T. Series);79136788;9,78008E+12;H.H. Tan, Tim D\'Orazio;McGraw-Hill Science/Engineering/Math;series, science, computer, engineering, programming;600;17/09/1998;Paperback;57.94 USD
 C Programming for Midi;934375860;9,78093E+12; Jim Conger;M & T Books;midi, programming;219;1988-04;Paperback;22.95 USD
 Applied Cryptography: Protocols, Algorithms and Source Code in C;1119096723;9,78112E+12; Bruce Schneier;Wiley;source, code, algorithms, protocols, cryptography, applied;784;30/03/2015;Hardcover;70.00 USD
 Learning C# Programming with Unity 3D;1466586524;9,78147E+12; Alex Okita;A K Peters/CRC Press;unity, programming, learning;690;01/08/2014;Paperback;49.95 USD
 Beginning Programming with C++ For Dummies;1118823877;9,78112E+12; Stephen R. Davis;For Dummies;dummies, programming, beginning;456;27/10/2014;Paperback;29.99 USD
 C Programming: The Essentials for Engineers and Scientists (Undergraduate Texts in Computer Science);387986324;9,78039E+12; David R. Brooks;Springer;texts, computer, science, undergraduate, scientists, essentials, engineers, programming;479;01/05/1999;Hardcover;99.00 USD
 Murach's ASP.NET 4.5 Web Programming with C# 2012 (Murach: Training & Reference);1890774758;9,78189E+12;Mary Delamater, Anne Boehm;Mike Murach & Associates;murach, training, reference, programming, web, asp, net;856;07/08/2013;Paperback;57.50 USD
 C Programming A Modern Approach: With 2000+ C Codes And 23+ Complete Chapter's;150053319X;9,7815E+12; Harry. H. Chaudhary.;CreateSpace Independent Publishing Platform;complete, chapter, codes, approach, modern, programming;394;14/07/2014;Paperback;16.99 USD
 Cracking the Coding Interview: 150 Programming Questions and Solutions;098478280X;9,78098E+12; Gayle Laakmann McDowell;CareerCup;questions, solutions, programming, interview, coding, cracking;508;22/08/2011;Paperback;39.95 USD
 Programming in Visual C# 2008;73517216;9,78007E+12;Julia Case Bradley, Anita Millspaugh;McGraw-Hill/Irwin;visual, programming;679;08/01/2009;Paperback;137.34 USD
 C# Programming: From Problem Analysis to Program Design;1285096266;9,78129E+12; Barbara Doyle;Cengage Learning;design, program, analysis, problem, programming;1184;30/04/2013;Paperback;201.95 USD
 Effective TCP/IP Programming: 44 Tips to Improve Your Network Programs: 44 Tips to Improve Your Network Programs;201615894;9,7802E+12; Jon C. Snader;Addison-Wesley Professional;network, programs, improve, tips, tcp, programming, effective;320;14/05/2000;Paperback;64.99 USD
 Programming 8-bit PIC Microcontrollers in C: with Interactive Hardware Simulation;750689609;9,78075E+12; Martin P. Bates;Newnes;hardware, simulation, interactive, microcontrollers, bit, pic, programming;304;29/07/2008;Paperback;50.95 USD
 C Programming;321287630;9,78032E+12;Larry Ullman, Marc Liyanage;Peachpit Press;programming;408;23/10/2004;Paperback;26.99 USD
 Practical UML Statecharts in C/C++: Event-Driven Programming for Embedded Systems;750687061;9,78075E+12; Miro Samek;CRC Press;programming, embedded, systems, driven, event, uml, statecharts, practical;728;01/10/2008;Paperback;59.95 USD
 C: A Reference Manual (5th Edition);013089592X;9,78013E+12;Samuel P. Harbison, Guy L. Steele Jr.;Prentice Hall;manual, reference;560;03/03/2002;Paperback;81.40 USD
 Exceptional C++: 47 Engineering Puzzles, Programming Problems, and Solutions;201615622;9,7802E+12; Herb Sutter;Addison-Wesley Professional;problems, solutions, programming, puzzles, engineering, exceptional;240;28/11/1999;Paperback;54.99 USD
 C# 5.0 Pocket Reference: Instant Help for C# 5.0 Programmers;1449320171;9,78145E+12;Joseph Albahari, Ben Albahari;O\'Reilly Media;programmers, instant, reference, pocket;224;19/06/2012;Paperback;14.99 USD
 C# 5.0 All-in-One For Dummies;1118385365;9,78112E+12;Bill Sempf, Chuck Sphar, Stephen R. Davis;For Dummies;dummies, one;840;29/01/2013;Paperback;39.99 USD
 C Programming :: Step By Step Beginner's To Experts Edition.;1500481122;9,7815E+12; Harry. H. Chaudhary.;CreateSpace Independent Publishing Platform;experts, beginner, programming;394;07/07/2014;Paperback;16.99 USD
 Topics in C Programming, Revised Edition;471534048;9,78047E+12;Stephen G. Kochan, Patrick H. Wood;Wiley;revised, programming, topics;528;24/05/1991;Paperback;49.99 USD
 Introduction to Numerical Programming: A Practical Guide for Scientists and Engineers Using Python and C/C++ (Series in Computational Physics);1466569670;9,78147E+12; Titus A. Beu;CRC Press;python, using, series, computational, physics, engineers, scientists, numerical, programming, practical, guide, introduction;674;03/09/2014;Hardcover;89.95 USD
 C Quick Syntax Reference;1430264993;9,78143E+12; Mikael Olsson;Apress;reference, syntax, quick;96;21/01/2015;Paperback;19.99 USD
 Microsoft Visual C++/CLI Step by Step (Step by Step Developer);735675171;9,78074E+12; Julian Templeman;Microsoft Press;developer, cli, visual, microsoft;540;25/08/2013;Paperback;44.99 USD
 Problem Solving and Program Design in C (6th Edition);321535421;9,78032E+12;Jeri R. Hanly, Elliot B. Koffman;Addison Wesley;design, program, solving, problem;936;16/02/2009;Paperback;131.00 USD
 Programming Embedded Systems: With C and GNU Development Tools, 2nd Edition;596009836;9,7806E+12;Michael Barr, Anthony Massa;O\'Reilly Media;development, tools, gnu, systems, embedded, programming;301;01/10/2006;Paperback;49.99 USD
 The Joy of C;047112933X;9,78047E+12;Lawrence H. Miller, Alexander E. Quilici;Wiley;joy;816;30/01/1997;Paperback;55.53 USD
 C++ For Dummies;111882377X;9,78112E+12; Stephen R. Davis;For Dummies;dummies;480;09/06/2014;Paperback;29.99 USD
 Embedded Systems with ARM Cortex-M3 Microcontrollers in Assembly Language and C;982692625;9,78098E+12; Yifeng Zhu;E-Man Press LLC;assembly, language, microcontrollers, cortex, systems, embedded;542;01/08/2014;Paperback;59.50 USD
 PIC Microcontroller Projects in C, Second Edition: Basic to Advanced;80999247;9,78008E+12; Dogan Ibrahim;Newnes;basic, advanced, second, projects, microcontroller, pic;660;07/05/2014;Paperback;64.95 USD
 Theories of Programming Languages;521106974;9,78052E+12; John C. Reynolds;Cambridge University Press;languages, programming, theories;516;02/04/2009;Paperback;69.99 USD
 C: From Theory to Practice;1482214504;9,78148E+12;George S. Tselikis, Nikolaos D. Tselikas;CRC Press;practice, theory;518;12/02/2014;Paperback;79.95 USD
 Programming Problems: A Primer for the Technical Interview (Volume 1);1492175552;9,78149E+12; Bradley Green;CreateSpace Independent Publishing Platform;interview, volume, technical, primer, problems, programming;154;27/03/2012;Paperback;14.99 USD
 C# 2012 for Programmers (5th Edition) (Deitel Developer Series);133440575;9,78013E+12;Paul Deitel, Harvey M. Deitel;Prentice Hall;series, developer, deitel, programmers;1200;07/10/2013;Paperback;59.99 USD
 Learning Python, 5th Edition;1449355730;9,78145E+12; Mark Lutz;O\'Reilly Media;python, learning;1600;06/07/2013;Paperback;64.99 USD
 Programming iOS 8: Dive Deep into Views, View Controllers, and Frameworks;1491908734;9,78149E+12; Matt Neuburg;O\'Reilly Media;controllers, frameworks, view, views, ios, dive, programming;1018;14/12/2014;Paperback;54.99 USD
 Introduction to Algorithms, 3rd Edition;262033844;9,78026E+12;Thomas H. Cormen, Charles E. Leiserson, Ronald L. Rivest, Clifford Stein;The MIT Press;algorithms, introduction;1312;31/07/2009;Hardcover;92.00 USD
 C and the 8051 (4th Edition);978399501;9,78098E+12; Thomas W. Schultz;Wood Island Prints;;464;01/03/2008;Paperback;39.95 USD
 C# Game Programming: For Serious Game Creation;1435455568;9,78144E+12; Daniel Schuller;Cengage Learning PTR;game, creation, programming, serious;448;16/06/2010;Paperback;49.99 USD
 Adaptive Code via C#: Agile coding with design patterns and SOLID principles (Developer Reference);735683204;9,78074E+12; Gary McLean Hall;Microsoft Press;solid, principles, developer, reference, patterns, design, code, via, agile, coding, adaptive;448;19/10/2014;Paperback;49.99 USD
 Designing Audio Effect Plug-Ins in C++: With Digital Audio Signal Processing Theory;240825152;9,78024E+12; Will Pirkle;Focal Press;audio, signal, processing, theory, digital, ins, effect, plug, designing;560;10/10/2012;Paperback;63.95 USD
 Head First C#,: A Learner's Guide to Real-World Programming with Visual C# and .NET;1500193690;9,7815E+12; Harry. H. Chaudhary.;CreateSpace Independent Publishing Platform;programming, visual, net, world, real, first, learner, guide, head;248;02/06/2014;Paperback;12.99 USD
 Programming for Engineers: A Foundational Approach to Learning C and Matlab;3642233023;9,78364E+12; Aaron R. Bradley;Springer;learning, matlab, approach, foundational, engineers, programming;238;25/10/2011;Hardcover;49.95 USD
 C++ Programming in Easy Steps;1840784326;9,78184E+12; Mike McGrath;In Easy Steps Limited;steps, easy, programming;192;12/07/2011;Paperback;14.99 USD
 iOS 8 Programming Fundamentals with Swift: Swift, Xcode, and Cocoa Basics;1491908904;9,78149E+12; Matt Neuburg;O\'Reilly Media;swift, cocoa, basics, xcode, ios, fundamentals, programming;582;05/04/2015;Paperback;49.99 USD
 Programming and Metaprogramming in the Human Biocomputer: Theory and Experiments;051752757X;9,78052E+12; John C. Lilly;Three Rivers Press/Julian Press;theory, experiments, biocomputer, human, metaprogramming, programming;160;27/05/1987;Paperback;15.00 USD
 Problem Solving and Program Design in C (8th Edition);134014898;9,78013E+12;Jeri R. Hanly, Elliot B. Koffman;Prentice Hall;design, program, solving, problem;840;27/02/2015;Paperback;147.00 USD
 Intermediate C Programming;1498711634;9,7815E+12; Yung-Hsiang Lu;CRC Press;programming, intermediate;544;05/06/2015;Paperback;79.95 USD
 Unix Network Programming, Volume 1: The Sockets Networking API (3rd Edition);131411551;9,78013E+12;W. Richard Stevens, Bill Fenner, Andrew M. Rudoff;Addison-Wesley Professional;networking, api, sockets, volume, network, programming, unix;1024;24/11/2003;Hardcover;79.99 USD
 C++ All-in-One For Dummies (For Dummies (Computer/Tech));1118823788;9,78112E+12;John Paul Mueller, Jeff Cogswell;For Dummies;dummies, tech, computer, one;864;18/08/2014;Paperback;39.99 USD
 Game Programming Gems (Game Programming Gems (W/CD));1584500492;9,78158E+12; Mark DeLoura;Charles River Media;gems, programming, game;600;2000-08;Hardcover;69.95 USD
 Programming for Chemical Engineers Using C, C++, and MATLAB;1934015091;9,78193E+12; Raul Raymond Kapuno Jr.;Jones & Bartlett Learning;matlab, using, engineers, chemical, programming;400;31/01/2008;Hardcover;175.95 USD
 C Programming Success in a Day & Rails Programming Professional Made Easy;1511604522;9,78151E+12; Sam Key;CreateSpace Independent Publishing Platform;programming, made, easy, professional, rails, success, day;58;05/04/2015;Paperback;13.11 USD
 C Programming Success in a Day & JavaScript Professional Programming Made Easy;1511604638;9,78151E+12; Sam Key;CreateSpace Independent Publishing Platform;programming, made, easy, professional, javascript, success, day;50;05/04/2015;Paperback;13.15 USD
 C Programming Success in a Day & Windows 8 Tips for Beginners;1511604719;9,78151E+12; Sam Key;CreateSpace Independent Publishing Platform;tips, beginners, windows, day, success, programming;48;05/04/2015;Paperback;12.88 USD
 C Programming Success in a Day & Android Programming In a Day!;151160476X;9,78151E+12; Sam Key;CreateSpace Independent Publishing Platform;day, programming, android, success;46;05/04/2015;Paperback;12.56 USD
 C Programming Success in a Day & HTML Professional Programming Made Easy (Volume 13);1511606312;9,78151E+12; Sam Key;CreateSpace Independent Publishing Platform;programming, easy, volume, made, html, success, day, professional;50;05/04/2015;Paperback;12.77 USD
 C Programming Success in a Day & PHP Programming Professional Made Easy;151160641X;9,78151E+12; Sam Key;CreateSpace Independent Publishing Platform;programming, made, easy, professional, php, success, day;52;05/04/2015;Paperback;12.43 USD
 C Programming Success in a Day & Ruby Programming Professional Made Easy;1511606533;9,78151E+12; Sam Key;CreateSpace Independent Publishing Platform;programming, made, easy, professional, ruby, success, day;50;05/04/2015;Paperback;12.66 USD
 Windows via C/C++;735624240;9,78074E+12;Jeffrey M. Richter, Christophe Nasarre;Microsoft Press;via, windows;848;28/11/2007;Hardcover;69.99 USD
 Game Coding Complete, Fourth Edition;1133776574;9,78113E+12;Mike McShaffry, David Graham;Cengage Learning PTR;fourth, complete, coding, game;960;05/03/2012;Paperback;59.99 USD
 More Exceptional C++: 40 New Engineering Puzzles, Programming Problems, and Solutions;020170434X;9,7802E+12; Herb Sutter;Addison-Wesley Professional;problems, solutions, programming, puzzles, new, engineering, exceptional;304;27/12/2001;Paperback;49.99 USD
 TCP/IP Sockets in C#: Practical Guide for Programmers (The Practical Guides);124660517;9,78012E+12;David Makofske, Michael J. Donahoo, Kenneth L. Calvert;Morgan Kaufmann;practical, guides, programmers, guide, tcp, sockets;175;13/05/2004;Paperback;33.95 USD
 The Art of C Programming;387963928;9,78039E+12;Robin Jones, Ian Stewart;Springer;programming, art;186;22/12/1986;Paperback;99.00 USD
 A Step-by-Step Guide to C Programming;013339946X;9,78013E+12; Jean Paul Corriveau;Prentice Hall;programming, guide;825;27/11/1997;Paperback;210.60 USD
 A First Book of ANSI C, Third Edition;534379648;9,78053E+12; Gary J. Bronson;Course Technology;third, ansi, book, first;768;30/08/2000;Paperback;120.95 USD
 Learning Cocoa with Objective-C: Developing for the Mac and iOS App Stores;149190139X;9,78149E+12;Paris Buttfield-Addison, Jonathon Manning, Tim Nugent;O\'Reilly Media;ios, app, stores, mac, developing, cocoa, objective, learning;388;27/03/2014;Paperback;39.99 USD
 A Retargetable C Compiler: Design and Implementation;805316701;9,78081E+12;David R. Hanson, Christopher W. Fraser;Addison-Wesley Professional;implementation, design, compiler, retargetable;592;10/02/1995;Paperback;69.99 USD
 Game Programming Patterns;990582906;9,78099E+12; Robert Nystrom;Genever Benning;patterns, programming, game;354;02/11/2014;Paperback;39.95 USD
 Fractal Programming in C;1558510370;9,78156E+12; Roger T. Stevens;M & T Books;programming, fractal;958;1989-08;Paperback;29.95 USD
 Types and Programming Languages;262162091;9,78026E+12; Benjamin C. Pierce;The MIT Press;languages, programming, types;645;01/02/2002;Hardcover;85.00 USD
 C++14 FAQs;1500239879;9,7815E+12; Chandra Shekhar Kumar;CreateSpace Independent Publishing Platform;faqs;104;19/06/2014;Paperback;14.99 USD
 MCSD Certification Toolkit (Exam 70-483): Programming in C#;1118612094;9,78112E+12;Tiberiu Covaci, Rod Stephens, Vincent Varallo, Gerry O\'Brien;Wrox;programming, exam, toolkit, certification, mcsd;648;13/05/2013;Paperback;59.99 USD
 Pro C# 5.0 and the .NET 4.5 Framework (Expert's Voice in .NET);1430242337;9,78143E+12; Andrew Troelsen;Apress;net, voice, expert, framework, pro;1560;21/08/2012;Paperback;59.99 USD
 Programming Massively Parallel Processors, Second Edition: A Hands-on Approach;124159923;9,78012E+12;David B. Kirk, Wen-mei W. Hwu;Morgan Kaufmann;hands, approach, second, processors, massively, parallel, programming;514;28/12/2012;Paperback;74.95 USD
 Microsoft C: Programming for the PC;672226618;9,78067E+12; Robert Lafore;Sams Publishing;programming, microsoft;748;1989-02;Paperback;Unknown
 The Concurrent C Programming Language;929306007;9,78093E+12;Narain Gehani, William D. Roome;Silicon Pr;language, programming, concurrent;303;1989-03;Paperback;35.95 USD
 Sams Teach Yourself Objective-C in 24 Hours (2nd Edition);672334496;9,78067E+12; Jesse Feiler;Sams Publishing;hours, objective, yourself, teach, sams;368;19/03/2014;Paperback;39.99 USD
 Computer Graphics: Principles and Practice in C (2nd Edition);201848406;9,7802E+12;James D. Foley, Andries van Dam, Steven K. Feiner, John F. Hughes;Addison-Wesley Professional;practice, principles, graphics, computer;1200;14/08/1995;Hardcover;99.99 USD
 Sams Teach Yourself C in 21 Days (6th Edition);672324482;9,78067E+12;Bradley L. Jones, Peter Aitken;Sams Publishing;days, yourself, teach, sams;960;05/10/2002;Paperback;49.99 USD
 A Tour of C Programming :: For First Time Beginner's With 2000+ C Codes;1500529559;9,7815E+12; Harry. H. Chaudhary.;CreateSpace Independent Publishing Platform;beginner, codes, time, first, programming, tour;394;14/07/2014;Paperback;16.99 USD
 Study Guide: for C Programming: A Modern Approach;393969460;9,78039E+12; Manuel E. Bermudez;W. W. Norton & Company;approach, modern, programming, guide, study;256;17/01/1998;Paperback;Unknown
 Advanced Topics in C: Core Concepts in Data Structures (Expert's Voice in C);1430264004;9,78143E+12; Noel Kalicharan;Apress;structures, expert, voice, data, concepts, topics, core, advanced;312;29/10/2013;Paperback;49.99 USD
 Introduction to C Programming with the TMS320LF2407A(TM) DSP Controller;145658880X;9,78146E+12; George Terzakis;CreateSpace Independent Publishing Platform;controller, dsp, tms320lf2407a, programming, introduction;422;07/02/2011;Paperback;38.00 USD
 Programming Projects in C for Students of Engineering, Science, and Mathematics;161197349X;9,78161E+12; Rouben Rostamian;SIAM-Society for Industrial and Applied Mathematics;science, mathematics, engineering, students, projects, programming;409;03/09/2014;Paperback;69.00 USD
 Memory as a Programming Concept in C and C++;521520436;9,78052E+12; Frantisek Franek;Cambridge University Press;concept, programming, memory;276;17/11/2003;Paperback;49.99 USD
 Pocket Guide to TCP/IP Socket Programming in C (Morgan Kaufmann Series in Networking);1558606866;9,78156E+12;Michael J. Donahoo, Kenneth L. Calvert;Morgan Kaufmann;kaufmann, series, networking, morgan, programming, guide, tcp, socket, pocket;130;21/08/2000;Paperback;15.95 USD
 Clean Code: A Handbook of Agile Software Craftsmanship;132350882;9,78013E+12; Robert C. Martin;Prentice Hall;software, craftsmanship, agile, handbook, code, clean;464;11/08/2008;Paperback;49.99 USD
 Beginner's Guide To Embedded C Programming: Using The Pic Microcontroller And The Hitech Picc-Lite C Compiler;1438231598;9,78144E+12; Chuck Hellebuyck;CreateSpace Independent Publishing Platform;hitech, picc, lite, compiler, microcontroller, pic, guide, embedded, programming, using, beginner;202;25/05/2008;Paperback;39.95 USD
 Beginning Arduino Programming (Technology in Action);1430237775;9,78143E+12; Brian Evans;Apress;action, technology, programming, arduino, beginning;272;16/10/2011;Paperback;39.99 USD
 Beginning C, 5th Edition (Expert's Voice in C);1430248815;9,78143E+12; Ivor Horton;Apress;voice, expert, beginning;688;26/02/2013;Paperback;59.99 USD
 Python Programming Professional Made Easy & C Programming Professional Made Easy (Volume 17);1508964289;9,78151E+12; Sam Key;CreateSpace Independent Publishing Platform;easy, made, professional, programming, volume, python;54;19/03/2015;Paperback;14.91 USD
 Beginner's Guide to Embedded C Programming - Volume 3: Creating the SimpleC Library of Functions;1461061253;9,78146E+12; Chuck Hellebuyck;CreateSpace Independent Publishing Platform;simplec, library, functions, creating, volume, guide, embedded, programming, beginner;196;02/04/2011;Paperback;39.95 USD
 The Waite Group's Microsoft C Programming for the PC;067222738X;9,78067E+12; Robert W. Lafore;Financial Times Prentice Hall;programming, microsoft, group, waite;1263;1990-10;Paperback;29.95 USD
 Waite Group's Turbo C Programming for the PC (The Waite Group);067222660X;9,78067E+12; Robert Lafore;Financial Times Prentice Hall;waite, group, programming, turbo;1201;01/11/1988;Paperback;29.95 USD
 Thinking in C++, Volume 2: Practical Programming;130353132;9,78013E+12;Bruce Eckel, Chuck Allison;Prentice Hall;programming, practical, volume, thinking;832;27/12/2003;Paperback;91.00 USD
 Jumping into C++;988927802;9,78099E+12; Alex Allain;Cprogramming.com;jumping;536;19/04/2013;Paperback;34.99 USD
 C+ C++: Programming With Objects in C and C++;70296626;9,78007E+12; Allen I. Holub;Computing Mcgraw-Hill;objects, programming;427;1991-04;Paperback;29.95 USD
 Mathematics and Python Programming;1326017969;9,78133E+12; J.C. Bautista;lulu.com;programming, python, mathematics;266;13/09/2014;Paperback;21.42 USD
 Objective-C for Absolute Beginners: iPhone, iPad and Mac Programming Made Easy;1430236531;9,78143E+12;Gary Bennett, Mitchell Fisher, Brad Lees;Apress;programming, made, easy, mac, ipad, absolute, beginners, iphone, objective;340;29/11/2011;Paperback;39.99 USD
 An Introduction to Object-Oriented Programming with Java;73523305;9,78007E+12; C. Thomas Wu;McGraw-Hill Science/Engineering/Math;java, programming, oriented, object, introduction;1008;24/03/2009;Paperback;Unknown
 C Programming Success in a Day & C Programming Success in a Day;1508948429;9,78151E+12; Sam Key;CreateSpace Independent Publishing Platform;day, success, programming;58;18/03/2015;Paperback;14.07 USD
 Programming in ANSI C;74604015;9,78007E+12; Balagurusamy;McGraw-Hill Education;ansi, programming;425;01/03/1994;Paperback;Unknown
 Structured C for Engineering and Technology (4th Edition);130206822;9,78013E+12;James L. Antonakos, Kenneth C. Mansfield, Thomas A Adamson;Prentice Hall;technology, engineering, structured;896;15/05/2000;Paperback;111.40 USD
 Practical Statecharts in C/C++: Quantum Programming for Embedded Systems with CDROM;1578201101;9,78158E+12; Miro Samek;CRC Press;systems, cdrom, embedded, programming, statecharts, quantum, practical;389;01/07/2002;Paperback;52.95 USD
 C Programming Without Fear :: A Beginner's Guide That Makes You C Champion Including 2000+ C Codes.;1500521914;9,7815E+12; Harry. H. Chaudhary.;CreateSpace Independent Publishing Platform;including, codes, champion, makes, beginner, guide, programming;394;14/07/2014;Paperback;15.99 USD
 C Programming: The Essentials for Engineers and Scientists (Undergraduate Texts in Computer Science);1461271614;9,78146E+12; David R. Brooks;Springer;texts, computer, science, undergraduate, scientists, essentials, engineers, programming;479;30/10/2012;Paperback;99.00 USD
 C Programming for Beginners: 2000+ Code Examples with 23+ Chapter's.;1500533173;9,7815E+12; Harry. H. Chaudhary.;CreateSpace Independent Publishing Platform;chapter, examples, code, beginners, programming;394;14/07/2014;Paperback;17.99 USD
 Applications Programming in ANSI C (3rd Edition);23611413;9,78002E+12;Richard Johnsonbaugh, Martin Kalin;Prentice Hall;ansi, programming, applications;875;26/12/1996;Paperback;190.60 USD
 Professional Parallel Programming with C#: Master Parallel Extensions with .NET 4;470495995;9,78047E+12; Gastón C. Hillar;Wrox;parallel, net, extensions, programming, professional, master;576;21/12/2010;Paperback;54.99 USD
 The Spirit of C: An Introduction to Modern Programming;314285008;9,78031E+12;Henry Mullish, Herbert L. Cooper;Thomson Learning;programming, modern, introduction, spirit;400;1987-01;Paperback;74.95 USD
 Programming in C++: Lessons and Applications;72424125;9,78007E+12;Tim B D\'Orazio, Tim D\'Orazio;McGraw-Hill Science/Engineering/Math;applications, lessons, programming;976;01/07/2003;Paperback;Unknown
 Sams Teach Yourself C for Linux Programming in 21 Days;672315971;9,78067E+12; Erik de Castro Lopo;Sams;programming, days, linux, yourself, teach, sams;768;22/12/1999;Paperback;29.99 USD
 Programming Games in C;1558513809;9,78156E+12; Robert E. Marmelstein;M & T Books;games, programming;350;1994-08;Paperback;34.95 USD
 Programming Microcontrollers in C;1878707140;9,78188E+12; Ted Van Sickle;Llh Technology Pub;microcontrollers, programming;394;1994-05;Paperback;39.95 USD
 Programming 2D Games;146650868X;9,78147E+12; Charles Kelly;A K Peters/CRC Press;games, programming;438;21/06/2012;Hardcover;65.95 USD
 Computer Fundamentals and Programming in C;198084560;9,7802E+12;Pradip Dey, Manas Ghosh;Oxford University Press;programming, fundamentals, computer;512;31/08/2013;Paperback;34.95 USD
 OpenCL Programming Guide;321749642;9,78032E+12;Aaftab Munshi, Benedict Gaster, Timothy G. Mattson, James Fung, Dan Ginsburg;Addison-Wesley Professional;guide, programming, opencl;648;23/07/2011;Paperback;54.99 USD
 C Programming Language Essentials (Essentials Study Guides);878916962;9,78088E+12; Ernest C. Ackermann;Research & Education Association;essentials, guides, study, programming, language;128;01/01/1998;Paperback;6.95 USD
 C Programming - A Beginner's Course;1438287844;9,78144E+12; Noel Kalicharan;CreateSpace Independent Publishing Platform;course, beginner, programming;254;22/08/2008;Paperback;24.95 USD
 The C Programming Language :: Golden Beginner's To Experts Edition;150048492X;9,7815E+12; Harry. H. Chaudhary.;CreateSpace Independent Publishing Platform;experts, beginner, golden, language, programming;394;10/07/2014;Paperback;17.99 USD
 C Programming for the Absolute Beginner;1931841527;9,78193E+12; Michael Vine;Course Technology PTR;beginner, absolute, programming;280;09/09/2002;Paperback;29.99 USD
 Beginner's Guide to Embedded C Programming - Volume 2: Timers, Interrupts, Communication, Displays and More;1448628148;9,78145E+12; Chuck Hellebuyck;CreateSpace Independent Publishing Platform;interrupts, communication, displays, timers, volume, guide, embedded, programming, beginner;206;22/06/2009;Paperback;39.95 USD
 Beginning Programming with Java For Dummies;1118407814;9,78112E+12; Burd;For Dummies;dummies, java, programming, beginning;480;23/06/2014;Paperback;29.99 USD
 C++ Network Programming, Volume 2: Systematic Reuse with ACE and Frameworks;201795256;9,7802E+12;Douglas Schmidt, Stephen D. Huston;Addison-Wesley Professional;ace, frameworks, reuse, systematic, programming, volume, network;384;08/11/2002;Paperback;64.99 USD
 Beginning iPhone SDK Programming with Objective-C;470500972;9,78047E+12; Wei-Meng Lee;Wrox;objective, programming, sdk, iphone, beginning;552;07/01/2010;Paperback;39.99 USD
 C Language Programming (Chinese Edition);7115273677;9,78712E+12; Peng Zheng Wen Lu Xin;Posts and Telecom Press;chinese, programming, language;246;01/01/2012;Paperback;Unknown
 Mastering C Pointers: Tools for Programming Power;012697408X;9,78013E+12; Robert J. Traister;Academic Press Inc;power, programming, tools, pointers, mastering;180;1990;Hardcover;Unknown
 Linux: Linux Command Line - A Complete Introduction To The Linux Operating System And Command Line (With Pics) (Unix, Linux kemel, Linux command line, ... CSS, C++, Java, PHP, Excel, code) (Volume 1);1507836996;9,78151E+12; M.J. Brown;CreateSpace Independent Publishing Platform;linux, line, command, java, php, code, volume, css, excel, pics, introduction, complete, operating, system, unix, kemel;82;03/02/2015;Paperback;12.99 USD
 Object Oriented Programming with C++: 6e;9383286504;9,78938E+12; E Balagurusamy;Tata McGraw Hill Education Private Limited;programming, oriented, object;562;20/05/2013;Paperback;16.95 USD
 Problem Solving with C++: The Object of Programming, Fifth Edition;321268652;9,78032E+12; Walter Savitch;Addison Wesley;fifth, programming, object, solving, problem;960;14/05/2004;Paperback;109.00 USD
 Embedded C Programming and the Microchip PIC;1401837484;9,7814E+12;Richard H. Barnett, Sarah Cox, Larry O\'Cull;Cengage Learning;pic, microchip, programming, embedded;497;03/11/2003;Paperback;209.95 USD
 Beginning Programming All-In-One Desk Reference For Dummies;470108541;9,78047E+12; Wallace Wang;For Dummies;reference, dummies, desk, one, programming, beginning;720;03/06/2008;Paperback;34.99 USD
 Numerical Methods for Engineers: With Software and Programming Applications;72431938;9,78007E+12;Steven C. Chapra, Raymond Canale;McGraw-Hill Science/Engineering/Math;programming, applications, software, engineers, methods, numerical;944;16/07/2001;Hardcover;121.25 USD
 C Programming Success in a Day & MYSQL Programming Professional Made Easy (Volume 10);1511589620;9,78151E+12; Sam Key;CreateSpace Independent Publishing Platform;programming, easy, volume, made, mysql, success, day, professional;52;03/04/2015;Paperback;13.20 USD
 Beginning ASP.NET 4.5: in C# and VB;1118311809;9,78112E+12; Imar Spaanjaars;Wrox;net, asp, beginning;888;06/11/2012;Paperback;44.99 USD
 Programming in Visual Basic 2010;73517259;9,78007E+12;Julia Case Bradley, Anita Millspaugh;McGraw-Hill/Irwin;basic, visual, programming;704;28/07/2010;Paperback;Unknown
 Advanced Topics in Types and Programming Languages;262162288;9,78026E+12; Unknown;The MIT Press;languages, programming, types, topics, advanced;608;23/12/2004;Hardcover;74.00 USD
 The Denotational Description of Programming Languages: An Introduction;387904336;9,78039E+12; Michael J.C. Gordon;Springer;introduction, languages, programming, description, denotational;162;28/02/1984;Paperback;99.00 USD
 Problem Solving with C++ (6th Edition);321412699;9,78032E+12; Walter Savitch;Addison Wesley;solving, problem;1056;10/03/2006;Paperback;103.00 USD
 C Programming Professional.: Sixth Edition 2014 For Beginner's.;1495995763;9,7815E+12; Harry Hariom Choudhary;CreateSpace Independent Publishing Platform;beginner, sixth, professional, programming;408;18/02/2014;Paperback;16.99 USD
 C Programming Proverbs and Quick Reference;067230130X;9,78067E+12; Ron Wodaski;Sams Publishing;reference, quick, proverbs, programming;350;1992-10;Paperback;14.95 USD
 C Programming in Easy Steps;760755043;9,78076E+12; Mike McGrath;Barnes and Noble;steps, easy, programming;192;2004;Paperback;Unknown
 C++ For Dummies;470317264;9,78047E+12; Stephen R. Davis;For Dummies;dummies;432;11/05/2009;Paperback;29.99 USD
 C Programming for Unix;672485184;9,78067E+12; John Valley;Sams Publishing;unix, programming;400;1992-11;Paperback;29.95 USD
 C Programmer's Toolkit (Programming series);880227885;9,78088E+12; Jack J. Purdum;Que Pub;series, programming, toolkit, programmer;700;1991-11;Paperback;39.95 USD
 Mastering C# Database Programming;782141838;9,78078E+12; Jason Price;Sybex;programming, database, mastering;800;06/05/2003;Paperback;59.99 USD
 Basic IBM Mainframe Assembly Language Programming;146357875X;9,78146E+12; Kevin C O\'Kane;CreateSpace Independent Publishing Platform;language, programming, assembly, mainframe, ibm, basic;234;21/06/2011;Paperback;14.99 USD
 Code: The Hidden Language of Computer Hardware and Software;735611319;9,78074E+12; Charles Petzold;Microsoft Press;hardware, software, computer, language, hidden, code;400;21/10/2000;Paperback;22.99 USD
 Nonlinear Programming: Theory and Algorithms;471486000;9,78047E+12;Mokhtar S. Bazaraa, Hanif D. Sherali, C. M. Shetty;Wiley-Interscience;algorithms, theory, programming, nonlinear;872;05/05/2006;Hardcover;164.00 USD
 Microsoft Visual C# 2012: An Introduction to Object-Oriented Programming;1285096339;9,78129E+12; Joyce Farrell;Cengage Learning;oriented, programming, object, introduction, visual, microsoft;864;04/03/2013;Paperback;184.95 USD
 Secure Coding in C and C++;321335724;9,78032E+12; Robert C. Seacord;Addison-Wesley Professional;coding, secure;368;19/09/2005;Paperback;54.99 USD
 Programming WCF Services: Design and Build Maintainable Service-Oriented Systems;1491944838;9,78149E+12;Juval Lowy, Michael Montgomery;O\'Reilly Media;service, oriented, systems, maintainable, build, wcf, services, design, programming;900;25/08/2015;Paperback;59.99 USD
 Effective Objective-C 2.0: 52 Specific Ways to Improve Your iOS and OS X Programs (Effective Software Development Series);321917014;9,78032E+12; Matt Galloway;Addison-Wesley Professional;effective, software, development, series, programs, improve, objective, specific, ways, ios;320;26/05/2013;Paperback;44.99 USD
 Just Enough C/C++ Programming;1598634682;9,7816E+12; Guy W. Lecky-Thompson;Cengage Learning PTR;programming;400;12/11/2007;Paperback;29.99 USD
 Inside Visual C++: With CDROM (Microsoft Programming Series);1572315652;9,78157E+12; David J Kruglinski;Microsoft Press;programming, series, microsoft, cdrom, visual, inside;940;01/06/1997;Paperback;49.99 USD
 Revolutionary Guide to MFC 4.0 Programming with Visual C++, with CD-ROM;1874416923;9,78187E+12; Mike Blaszczak;Wrox Press;visual, rom, programming, mfc, guide, revolutionary;871;1996-05;Paperback;49.95 USD
 C++: A Dialog: Programming with the C++ Standard Library;130094021;9,78013E+12;Steve Heller, Chrysalis Software Corp.;Prentice Hall PTR;library, standard, programming, dialog;1122;30/08/2002;Paperback;44.99 USD
 Network Programming in C/Book and Disk (Programming series);880225696;9,78088E+12; Barry Nance;Que;programming, series, disk, book, network;648;1990-05;Paperback;49.95 USD
 Introduction to Scientific Programming: Computational Problem Solving Using Maple and C;387946306;9,78039E+12; Joseph L. Zachary;Springer;solving, using, maple, problem, computational, scientific, programming, introduction;380;26/09/1996;Hardcover;99.00 USD
 Software and Hardware Engineering: Assembly and C Programming for the Freescale HCS12 Microcontroller;195308263;9,7802E+12; Fredrick M. Cady;Oxford University Press;freescale, hcs12, microcontroller, programming, assembly, hardware, engineering, software;736;28/02/2007;Paperback;127.95 USD
 Beginning C# Object-Oriented Programming (Expert's Voice in C#);1430235306;9,78143E+12; Dan Clark;Apress;expert, voice, programming, oriented, object, beginning;378;30/05/2011;Paperback;49.99 USD
 Practical Database Programming With Visual C#.NET;470467274;9,78047E+12; Ying Bai;Wiley-IEEE Press;net, visual, programming, database, practical;936;05/04/2010;Paperback;118.00 USD
 Buffer Overflow Attacks: Detect, Exploit, Prevent;1932266674;9,78193E+12;James C. Foster, Vitaly Osipov, Nish Bhalla;Syngress;exploit, prevent, detect, attacks, overflow, buffer;512;07/03/2005;Paperback;38.95 USD
 Advanced Test in C and Embedded System Programming;8176566764;9,78818E+12; Ashok K. Pathak;BPB Publications;programming, system, embedded, test, advanced;169;11/08/2003;Paperback;12.50 USD
