 The C Programming Language;0131103628;9780131103627;Brian W. Kernighan, Dennis M. Ritchie;Prentice Hall;language, programming;272;1988-04-01;Paperback;67.00 USD
 C Programming Absolute Beginner's Guide (3rd Edition);0789751984;9780789751980;Greg Perry, Dean Miller;Que Publishing;guide, beginner, absolute, programming;352;2013-08-17;Paperback;29.99 USD
 The C Programming Language;8120305965;9788120305960;Brian W. Kernighan, Dennis M. Ritchie;Prentice;language, programming;272;1988;Paperback;14.95 USD
 C Programming: A Modern Approach, 2nd Edition;0393979504;9780393979503; K. N. King;W. W. Norton & Company;approach, modern, programming;832;2008-04-19;Paperback;Unknown
 Programming in C (4th Edition) (Developer's Library);0321776410;9780321776419; Stephen G. Kochan;Addison-Wesley Professional;library, developer, programming;600;2014-08-28;Paperback;49.99 USD
 C Programming Success in a Day: Beginners' Guide To Fast, Easy And Efficient Learning Of C Programming;1508429030;9781508429036; Sam Key;CreateSpace Independent Publishing Platform;programming, easy, efficient, learning, fast, guide, success, day, beginners;88;2015-02-09;Paperback;19.35 USD
 C Programming: C Programming Language Guide For Beginners (Written By A Software Engineer) (Volume 1);1505857945;9781505857948; Scott Sanderson;CreateSpace Independent Publishing Platform;programming, engineer, volume, software, beginners, language, guide, written;158;2014-12-31;Paperback;14.99 USD
 Expert C Programming: Deep C Secrets;0131774298;9780131774292; Peter van der Linden;Prentice Hall;secrets, programming, expert;353;1994-06-24;Paperback;42.99 USD
 Programming in C (3rd Edition);0672326663;9780672326660; Stephen G. Kochan;Sams Publishing;programming;576;2004-07-18;Paperback;49.99 USD
 Objective-C Programming: The Big Nerd Ranch Guide (2nd Edition) (Big Nerd Ranch Guides);032194206X;9780321942067;Aaron Hillegass, Mikey Ward;Big Nerd Ranch Guides;ranch, nerd, guides, guide, programming, objective;325;2013-11-28;Paperback;39.99 USD
 C Programming in One Hour a Day, Sams Teach Yourself (7th Edition);0789751992;9780789751997;Bradley L. Jones, Peter Aitken, Dean Miller;Sams Publishing;teach, yourself, sams, day, one, hour, programming;720;2013-10-21;Paperback;39.99 USD
 C Programming: A Modern Approach;0393969452;9780393969450;K. N. King, K.N. King;W W Norton & Co Inc;approach, modern, programming;661;1996-02;Paperback;90.90 USD
 The C Answer Book: Solutions to the Exercises in 'The C Programming Language,' Second Edition;0131096532;9780131096530;Clovis L. Tondo, Scott E. Gimpel;Prentice Hall;language, second, programming, exercises, solutions, book;208;1988-11-11;Paperback;48.67 USD
 C All-in-One Desk Reference For Dummies;0764570692;9780764570698; Dan Gookin;Wiley Publishing, Inc.;dummies, reference, desk, one;840;2004-09-03;Paperback;34.99 USD
 C Programming for the Absolute Beginner, 3rd;1305273761;9781305273764;Keith Davenport, Michael Vine;Cengage Learning PTR;beginner, absolute, programming;336;2014-09-17;Paperback;29.99 USD
 C Programming Professional Made Easy: Expert C Programming Language Success In A Day For Any Computer User!;1508818665;9781508818663; Getaway Guides;CreateSpace Independent Publishing Platform;programming, day, computer, user, success, expert, professional, made, easy, language;118;2015-03-10;Paperback;16.13 USD
 C Programming - An Advanced Course;1438275579;9781438275574; Noel Kalicharan;CreateSpace Independent Publishing Platform;course, advanced, programming;224;2008-08-11;Paperback;24.95 USD
 C Primer Plus (6th Edition) (Developer's Library);0321928423;9780321928429; Stephen Prata;Addison-Wesley Professional;library, developer, plus, primer;1080;2013-12-06;Paperback;54.99 USD
 Programming in Objective-C (6th Edition) (Developer's Library);0321967607;9780321967602; Stephen G. Kochan;Addison-Wesley Professional;library, developer, objective, programming;576;2013-12-13;Paperback;49.99 USD
 Practical C Programming (Nutshell Handbooks);1565923065;9781565923065; Steve Oualline;O\'Reilly Media;handbooks, nutshell, programming, practical;456;1997-08-11;Paperback;34.95 USD
 Learn C the Hard Way: A Clear & Direct Introduction To Modern C Programming (Zed Shaw's Hard Way Series);0321884922;9780321884923; Zed A. Shaw;Addison-Wesley Professional;hard, way, zed, shaw, series, programming, introduction, clear, direct, learn, modern;380;2015-07-27;Paperback;39.99 USD
 Professional CUDA C Programming;1118739329;9781118739327;John Cheng, Max Grossman, Ty McKercher;Wrox;programming, cuda, professional;528;2014-09-09;Paperback;59.99 USD
 Head First C;1449399916;9781449399917;David Griffiths, Dawn Griffiths;O\'Reilly Media;first, head;632;2012-04-22;Paperback;49.99 USD
 C Programming in Easy Steps;1840785446;9781840785449; Mike McGrath;In Easy Steps Limited;steps, easy, programming;192;2012-06-12;Paperback;14.99 USD
 C Pocket Reference;0596004362;9780596004361;Peter Prinz, Ulla Kirch-Prinz;O\'Reilly Media;reference, pocket;144;2002-11-30;Paperback;9.95 USD
 C For Dummies;0764570684;9780764570681; Dan Gookin;For Dummies;dummies;408;2004-05-07;Paperback;24.99 USD
 Programming: Principles and Practice Using C++ (2nd Edition);0321992784;9780321992789; Bjarne Stroustrup;Addison-Wesley Professional;using, practice, principles, programming;1312;2014-05-25;Paperback;74.99 USD
 The C++ Programming Language, 4th Edition;0321563840;9780321563842; Bjarne Stroustrup;Addison-Wesley Professional;language, programming;1368;2013-05-19;Paperback;74.99 USD
 21st Century C: C Tips from the New School;1491903899;9781491903896; Ben Klemens;O\'Reilly Media;school, new, tips, century;408;2014-10-12;Paperback;49.99 USD
 C Programming for Embedded Microcontrollers;0905705807;9780905705804; Warwick A. Smith;Elektor Publishing;microcontrollers, embedded, programming;319;2009-10-19;Paperback;Unknown
 Beginning C for Arduino: Learn C Programming for the Arduino (Technology in Action);1430247762;9781430247760; Ph.D. , Jack Purdum;Apress;arduino, action, technology, learn, beginning, programming;280;2012-12-03;Paperback;39.99 USD
 C in a Nutshell (In a Nutshell (O'Reilly));0596006977;9780596006976;Peter Prinz, Tony Crawford;O\'Reilly Media;nutshell, reilly;622;2005-12-26;Paperback;39.95 USD
 Secure Coding in C and C++ (2nd Edition) (SEI Series in Software Engineering);0321822137;9780321822130; Robert C. Seacord;Addison-Wesley Professional;software, engineering, series, sei, coding, secure;600;2013-04-12;Paperback;54.99 USD
 Linux System Programming: Talking Directly to the Kernel and C Library;1449339530;9781449339531; Robert Love;O\'Reilly Media;kernel, library, directly, talking, system, programming, linux;456;2013-06-08;Paperback;59.99 USD
 C Programming in 12 Easy Lessons;0672305224;9780672305221; Greg M. Perry;Prentice Hall;lessons, easy, programming;603;1994-01;Paperback;39.99 USD
 Accelerated C++: Practical Programming by Example;020170353X;9780201703535;Andrew Koenig, Barbara E. Moo;Addison-Wesley Professional;example, programming, practical, accelerated;352;2000-08-24;Paperback;49.99 USD
 A Book on C: Programming in C (4th Edition);0201183994;9780201183993;Al Kelley, Ira Pohl;Addison-Wesley Professional;programming, book;726;1998-01-08;Paperback;79.99 USD
 Microsoft Visual C# 2013 Step by Step (Step by Step Developer);073568183X;9780735681835; John Sharp;Microsoft Press;developer, visual, microsoft;824;2013-11-25;Paperback;44.99 USD
 C Primer Plus (5th Edition);0672326965;9780672326967; Stephen Prata;Sams Publishing;plus, primer;984;2004-12-03;Paperback;54.99 USD
 C# 5.0 in a Nutshell: The Definitive Reference;1449320104;9781449320102;Joseph Albahari, Ben Albahari;O\'Reilly Media;reference, definitive, nutshell;1064;2012-06-29;Paperback;54.99 USD
 The C Puzzle Book;0201604612;9780201604610; Alan R. Feuer;Addison-Wesley Professional;book, puzzle;192;1998-10-25;Paperback;24.99 USD
 C++ Programming For Beginners: A Simple Start To C++ Programming Written By A So ( C++, C++ Programming For Beginners, C Programming, C++ Programming Language) (Volume 1);1503162281;9781503162280; Scott Sanderson;CreateSpace Independent Publishing Platform;programming, beginners, language, volume, start, simple, written;134;2014-11-15;Paperback;14.99 USD
 Sudoku Programming with C;1484209966;9781484209967; Giulio Zambon;Apress;programming, sudoku;300;2015-03-12;Paperback;24.99 USD
 C Programming FAQs: Frequently Asked Questions;0201845199;9780201845198; Steve Summit;Addison-Wesley Professional;questions, asked, frequently, faqs, programming;432;1995-11-17;Paperback;34.99 USD
 Programming and Metaprogramming in the Human Biocomputer: Theory and Experiments;0692217894;9780692217894; Dr. John C. Lilly;Float On;theory, experiments, biocomputer, human, metaprogramming, programming;252;2014-05-08;Paperback;19.95 USD
 Understanding and Using C Pointers;1449344186;9781449344184; Richard M. Reese;O\'Reilly Media;pointers, using, understanding;226;2013-05-18;Paperback;39.99 USD
 Problem Solving and Program Design in C (7th Edition);0132936496;9780132936491;Jeri R. Hanly, Elliot B. Koffman;Prentice Hall;design, program, solving, problem;840;2012-03-04;Paperback;147.00 USD
 C# in Depth, 3rd Edition;161729134X;9781617291340; Jon Skeet;Manning Publications;depth;616;2013-09-30;Paperback;49.99 USD
 Make: AVR Programming: Learning to Write Software for Hardware;1449355781;9781449355784; Elliot Williams;Maker Media, Inc;software, hardware, write, learning, programming, avr;474;2014-02-17;Paperback;44.99 USD
 A First Book of ANSI C, Fourth Edition (Introduction to Programming);1418835560;9781418835569; Gary J. Bronson;Cengage Learning;introduction, programming, fourth, ansi, book, first;784;2006-02-02;Paperback;222.95 USD
 C Programming for Arduino;1849517584;9781849517584; Julien Bayle;Packt Publishing;arduino, programming;512;2013-05-17;Paperback;49.99 USD
 C Programming Guide;0880223561;9780880223560; Jack J. Purdum;Que Pub;guide, programming;475;1988-12;Paperback;24.95 USD
 Beginning Programming with C For Dummies;1118737636;9781118737637; Dan Gookin;For Dummies;dummies, programming, beginning;456;2013-10-28;Paperback;29.99 USD
 Programming in C with Numerical Methods for Engineers;0137264984;9780137264988; Kamal B. Rojiani;Prentice Hall;engineers, methods, numerical, programming;1130;1995-12-14;Paperback;103.00 USD
 Absolute Beginner's Guide to C (2nd Edition);0672305100;9780672305108; Greg Perry;Sams Publishing;guide, beginner, absolute;432;1994-04-18;Paperback;39.99 USD
 SPARC Architecture, Assembly Language Programming, and C (2nd Edition);0130255963;9780130255969; Richard Paul;Prentice Hall;programming, language, assembly, architecture, sparc;528;1999-08-08;Paperback;167.00 USD
 Objective-C Programming For Dummies;111821398X;9781118213988; Neal Goldstein;For Dummies;dummies, programming, objective;480;2012-10-23;Paperback;29.99 USD
 Mastering Algorithms with C;1565924533;9781565924536; Kyle Loudon;O\'Reilly Media;algorithms, mastering;562;1999-08-15;Paperback;44.99 USD
 iOS Programming: The Big Nerd Ranch Guide (4th Edition) (Big Nerd Ranch Guides);0321942051;9780321942050;Joe Conway, Aaron Hillegass, Christian Keur;Big Nerd Ranch Guides;ranch, nerd, guides, guide, programming, ios;560;2014-02-21;Paperback;49.99 USD
 Effective Modern C++: 42 Specific Ways to Improve Your Use of C++11 and C++14;1491903996;9781491903995; Scott Meyers;O\'Reilly Media;improve, ways, specific, modern, effective;336;2014-12-05;Paperback;49.99 USD
 Oracle Database 12c PL / SQL Programming;0071812431;9780071812436; Michael McLaughlin;Mcgraw-Hill Osborne Media;programming, sql, 12c, database, oracle;1154;2014-01-24;Paperback;70.00 USD
 C Interfaces and Implementations: Techniques for Creating Reusable Software;0201498413;9780201498417; David R. Hanson;Addison-Wesley Professional;reusable, software, creating, techniques, implementations, interfaces;544;1996-08-30;Paperback;54.99 USD
 C++ Programming Professional Made Easy: Expert C++ Programming Language Success in a Day for Any Computer User!;1508429081;9781508429081; Sam Key;CreateSpace Independent Publishing Platform;programming, day, computer, user, success, expert, professional, made, easy, language;92;2015-02-09;Paperback;22.85 USD
 Beginning C Programming;1861001142;9781861001146; Ivor Horton;Wrox Press;programming, beginning;525;1997-08;Paperback;29.95 USD
 Programming Arduino: Getting Started With Sketches;0071784225;9780071784221; Monk Simon;Tab Books;sketches, started, getting, arduino, programming;162;2011-11-08;Paperback;15.00 USD
 Programming Problems: Advanced Algorithms (Volume 2);1484964098;9781484964095; Bradley Green;CreateSpace Independent Publishing Platform;volume, algorithms, advanced, problems, programming;200;2013-02-27;Paperback;13.95 USD
 Head First C#;1449343503;9781449343507;Jennifer Greene, Andrew Stellman;O\'Reilly Media;first, head;1100;2013-09-16;Paperback;54.99 USD
 Programming Embedded Systems in C and C++;1565923545;9781565923546; Michael Barr;O\'Reilly Media;systems, embedded, programming;200;1999-02-09;Paperback;29.95 USD
 Objective-C Programming: The Big Nerd Ranch Guide (Big Nerd Ranch Guides);0321706285;9780321706287; Aaron Hillegass;Big Nerd Ranch Guides;ranch, nerd, guides, guide, programming, objective;288;2011-10-28;Paperback;39.99 USD
 C Programming for the Absolute Beginner;1598634801;9781598634808; Michael Vine;Cengage Learning PTR;beginner, absolute, programming;336;2007-10-11;Paperback;29.99 USD
 Introduction to C Programming;0198086393;9780198086390; Reema Thareja;Oxford University Press;programming, introduction;448;2013-04-19;Paperback;29.95 USD
 Schaum's Outline of Programming with C;0070240353;9780070240353; Byron Gottfried;McGraw-Hill;programming, outline, schaum;532;1996-06-22;Paperback;20.00 USD
 Oracle Database 12c PL/SQL Advanced Programming Techniques;0071835148;9780071835145;Michael McLaughlin, John Harper;McGraw-Hill Osborne Media;programming, techniques, advanced, sql, database, 12c, oracle;448;2014-11-10;Paperback;75.00 USD
 Computer Science: A Structured Programming Approach Using C (3rd Edition);0534491324;9780534491321;Behrouz A. Forouzan, Richard F. Gilberg;Cengage Learning;approach, using, programming, structured, science, computer;1184;2006-02-06;Paperback;210.95 USD
 System Programming with C and Unix;0136067123;9780136067122; Adam Hoover;Addison-Wesley;unix, programming, system;400;2009-02-23;Paperback;142.60 USD
 The CERT® C Coding Standard, Second Edition: 98 Rules for Developing Safe, Reliable, and Secure Systems (2nd Edition) (SEI Series in Software Engineering);0321984048;9780321984043; Robert C. Seacord;Addison-Wesley Professional;systems, secure, sei, series, engineering, software, reliable, safe, standard, coding, second, rules, developing, cert??;576;2014-04-24;Paperback;59.99 USD
 The Standard C Library;0131315099;9780131315099; P.J. Plauger;Prentice Hall;library, standard;512;1992-07-11;Paperback;84.67 USD
 Beginning Visual C# 2012 Programming;1118314417;9781118314418;Karli Watson, Jacob Vibe Hammer, Jon D. Reid, Morgan Skinner, Daniel Kemper, Christian Nagel;Wrox;programming, visual, beginning;912;2012-12-17;Paperback;44.99 USD
 Programming Abstractions in C++;0133454843;9780133454840; Eric Roberts;Prentice Hall;abstractions, programming;960;2013-08-07;Paperback;162.20 USD
 Data Structures and Algorithms Made Easy: Data Structure and Algorithmic Puzzles, Second Edition;1468108867;9781468108866; Narasimha Karumanchi;CreateSpace Independent Publishing Platform;data, algorithmic, puzzles, second, structure, easy, structures, algorithms, made;434;2011-12-19;Paperback;39.99 USD
 Programming for the Absolute Beginner;1598633740;9781598633740; Jerry Lee Ford Jr.;Cengage Learning PTR;beginner, absolute, programming;384;2007-04-23;Paperback;29.99 USD
 Advanced C Programming by Example;0534951406;9780534951405; John W. Perry;Pws Pub Co;example, programming, advanced;320;1998-01-14;Paperback;60.95 USD
 LEGO® Mindstorms NXT Power Programming: Robotics in C;0973864974;9780973864977; John C. Hansen;Variant Press;programming, robotics, power, nxt, mindstorms, lego??;560;2009-09-01;Paperback;29.95 USD
 Concepts in Programming Languages;0521780985;9780521780988; John C. Mitchell;Cambridge University Press;languages, programming, concepts;540;2002-10-14;Hardcover;94.99 USD
 C++ Primer Plus (6th Edition) (Developer's Library);0321776402;9780321776402; Stephen Prata;Addison-Wesley Professional;library, developer, plus, primer;1200;2011-10-28;Paperback;59.99 USD
 Programming in Objective-C (5th Edition) (Developer's Library);032188728X;9780321887283; Stephen G. Kochan;Addison-Wesley Professional;library, developer, objective, programming;552;2012-12-14;Paperback;49.99 USD
 Beginning C++ Through Game Programming;1435457420;9781435457423; Michael Dawson;Cengage Learning PTR;programming, game, beginning;432;2010-10-18;Paperback;34.99 USD
 C Programming for Embedded Systems;1929629044;9781929629046; Kirk Zurell;CRC Press;systems, embedded, programming;172;2000-03-01;Paperback;32.95 USD
 C by Dissection: The Essentials of C Programming (4th Edition);0201713748;9780201713749;Al Kelley, Ira Pohl;Addison-Wesley;programming, essentials, dissection;641;2000-11-09;Paperback;154.40 USD
 Programming C# 5.0: Building Windows 8, Web, and Desktop Applications for the .NET 4.5 Framework;1449320414;9781449320416; Ian Griffiths;O\'Reilly Media;applications, net, framework, desktop, web, building, windows, programming;886;2012-11-08;Paperback;54.99 USD
 PC Magazine Guide to C Programming;1562760696;9781562760694; Jack J. Purdum;Ziff Davis Pr;programming, guide, magazine;498;1992-07;Paperback;29.95 USD
 C: The Complete Reference, 4th Ed.;0072121246;9780072121247; Herbert Schildt;McGraw-Hill Osborne Media;reference, complete;805;2000-04-26;Paperback;44.00 USD
 C: How to Program (6th Edition);0136123562;9780136123569;Paul Deitel, Harvey M. Deitel;Prentice Hall;program;1008;2009-11-08;Paperback;144.20 USD
 Secure Programming Cookbook for C and C++: Recipes for Cryptography, Authentication, Input Validation & More;0596003943;9780596003944;John Viega, Matt Messier;O\'Reilly Media;authentication, input, validation, cryptography, recipes, programming, cookbook, secure;792;2003-07-24;Paperback;74.99 USD
 Test Driven Development for Embedded C (Pragmatic Programmers);193435662X;9781934356623; James W. Grenning;Pragmatic Bookshelf;pragmatic, programmers, embedded, development, driven, test;352;2011-05-05;Paperback;34.95 USD
 Beginning Programming in 24 Hours, Sams Teach Yourself (3rd Edition);0672337002;9780672337000;Greg Perry, Dean Miller;Sams Publishing;teach, yourself, sams, hours, programming, beginning;464;2013-12-19;Paperback;29.99 USD
 C: How to Program, 7th Edition;013299044X;9780132990448;Paul Deitel, Harvey Deitel;Prentice Hall;program;912;2012-03-04;Paperback;164.60 USD
 The Linux Programming Interface: A Linux and UNIX System Programming Handbook;1593272200;9781593272203; Michael Kerrisk;No Starch Press;linux, programming, handbook, system, interface, unix;1552;2010-10-28;Hardcover;99.95 USD
 Programming in Objective-C 2.0 (2nd Edition);0321566157;9780321566157; Stephen G. Kochan;Addison-Wesley Professional;objective, programming;624;2009-01-08;Paperback;44.99 USD
 Programming Arduino Next Steps: Going Further with Sketches (Tab);0071830251;9780071830256; Simon Monk;McGraw-Hill/TAB Electronics;sketches, tab, further, going, arduino, steps, programming;288;2013-09-25;Paperback;20.00 USD
 C Programming for Microcontrollers Featuring ATMEL's AVR Butterfly and the free WinAVR Compiler;0976682206;9780976682202; Joe Pardue;Smiley Micros;free, winavr, compiler, butterfly, avr, microcontrollers, featuring, atmel, programming;300;2005-03-01;Paperback;49.95 USD
 iOS 7 Programming Fundamentals: Objective-C, Xcode, and Cocoa Basics;1491945575;9781491945575; Matt Neuburg;O\'Reilly Media;cocoa, basics, xcode, objective, programming, fundamentals, ios;422;2013-11-01;Paperback;44.99 USD
 Objective-C and iOS Programming: A Simplified Approach To Developing Apps for the Apple iPhone & iPad;1285187059;9781285187051; Arshia Khan;Cengage Learning;apps, iphone, ipad, developing, approach, ios, programming, simplified, objective;528;2014-01-28;Paperback;84.95 USD
 Programming in the Key of C#: A Primer for Aspiring Programmers (Developer Reference);0735618003;9780735618008; Charles Petzold;Microsoft Press;developer, reference, programmers, aspiring, key, primer, programming;432;2003-07-31;Paperback;29.99 USD
 Programming in ANSI C Deluxe Revised;0672303396;9780672303395; Stephen Kochan;Sams;revised, deluxe, ansi, programming;534;1994-01;Paperback;29.95 USD
 Embedded C Programming: Techniques and Applications of C and PIC MCUS;0128013141;9780128013144; Mark Siegesmund;Newnes;pic, mcus, applications, techniques, programming, embedded;424;2014-10-03;Paperback;59.95 USD
 Programming And Problem Solving With C++: Comprehensive;1284028763;9781284028768;Nell Dale, Chip Weems;Jones & Bartlett Learning;comprehensive, solving, problem, programming;1068;2013-03-06;Paperback;154.95 USD
 C Programming Success in a Day & C Programming Professional Made Easy (Volume 1);1511442360;9781511442367; Sam Key;CreateSpace Independent Publishing Platform;programming, easy, volume, made, professional, success, day;52;2015-03-24;Paperback;12.26 USD
 Functional Programming in C#: Classic Programming Techniques for Modern Projects;0470744588;9780470744581; Oliver Sturm;Wrox;programming, projects, modern, classic, functional, techniques;288;2011-04-19;Paperback;34.99 USD
 Programming with Visual C++: Concepts and Projects (Introduction to Programming);142390186X;9781423901860; James Allert;Cengage Learning;programming, introduction, projects, concepts, visual;776;2008-02-20;Paperback;203.95 USD
 Programming in Objective-C, Third Edition (Developer's Library);0321711394;9780321711397; Stephen G. Kochan;Addison-Wesley Professional;library, developer, third, objective, programming;552;2011-06-20;Paperback;49.99 USD
 Schaum's Outline of Programming with C++;0071353461;9780071353465; John Hubbard;McGraw-Hill;programming, outline, schaum;422;2000-06-06;Paperback;22.00 USD
 Exam Ref 70-483 Programming in C# (MCSD);0735676828;9780735676824; Wouter de Kort;Microsoft Press;mcsd, programming, ref, exam;384;2013-07-25;Paperback;39.99 USD
 Embedded C Programming and the Atmel AVR;1418039594;9781418039592;Richard H. Barnett, Sarah Cox, Larry O\'Cull;Cengage Learning;avr, atmel, programming, embedded;560;2006-06-05;Paperback;237.95 USD
 Microsoft Quick C Programming: The Microsoft Guide to Using the Quick C Compiler (Quick reference);1556150482;9781556150487;Mitchell Waite, et al, The Waite Group;Microsoft Press,U.S.;quick, microsoft, reference, compiler, guide, programming, using;400;1988-11-24;Paperback;Unknown
 Head First C#, 2E: A Learner's Guide to Real-World Programming with Visual C# and .NET (Head First Guides);1449380344;9781449380342;Andrew Stellman, Jennifer Greene;O\'Reilly Media;head, first, visual, guides, programming, net, real, learner, guide, world;840;2010-05-31;Paperback;49.99 USD
 C++ Primer (5th Edition);0321714113;9780321714114;Stanley B. Lippman, Josée Lajoie, Barbara E. Moo;Addison-Wesley Professional;primer;976;2012-08-16;Paperback;64.99 USD
 Programming 32-bit Microcontrollers in C: Exploring the PIC32 (Embedded Technology);0750687096;9780750687096; Lucio Di Jasio;Newnes;embedded, technology, pic32, exploring, bit, microcontrollers, programming;552;2008-04-17;Paperback;72.95 USD
 Programming in Objective-C (4th Edition) (Developer's Library);0321811909;9780321811905; Stephen G. Kochan;Addison-Wesley Professional;library, developer, objective, programming;600;2011-12-26;Paperback;49.99 USD
 Graphics Programming in C: A Comprehensive Resource for Every C Programmer : Covers Cga, Ega, and Vga Graphic Displays and Includes a Complete Toolb;1558510184;9781558510180; Roger T. Stevens;M & T Books;graphic, vga, displays, includes, toolb, complete, ega, cga, comprehensive, programming, resource, programmer, covers, graphics;639;1988-11;Paperback;26.95 USD
 Programming C#: Building .NET Applications with C#;0596006993;9780596006990; Jesse Liberty;O\'Reilly Media;applications, net, building, programming;672;2005-03-04;Paperback;44.95 USD
 Sams Teach Yourself C++ in One Hour a Day (7th Edition);0672335670;9780672335679; Siddhartha Rao;Sams Publishing;hour, day, one, yourself, teach, sams;768;2012-05-20;Paperback;44.99 USD
 C Traps and Pitfalls;0201179288;9780201179286; Andrew Koenig;Addison-Wesley Professional;pitfalls, traps;160;1989-01-11;Paperback;39.99 USD
 C Programming for Scientists and Engineers (Manufacturing Engineering Series);1857180305;9781857180305; Robert L. Wood;Butterworth-Heinemann;engineering, series, manufacturing, engineers, scientists, programming;160;2002-06-20;Paperback;32.95 USD
 Programming 16-Bit PIC Microcontrollers in C, Second Edition: Learning to Fly the PIC 24;1856178706;9781856178709; Lucio Di Jasio;Newnes;pic, learning, second, microcontrollers, programming, bit;416;2011-12-28;Paperback;59.95 USD
 C Programming For Scientists And Engineers With Applications;0763739529;9780763739522;Rama Reddy, Carol Ziegler;Jones & Bartlett Learning;applications, engineers, scientists, programming;838;2009-08-17;Paperback;182.95 USD
 The Clean Coder: A Code of Conduct for Professional Programmers (Robert C. Martin Series);0137081073;9780137081073; Robert C. Martin;Prentice Hall;robert, martin, series, programmers, professional, coder, code, conduct, clean;256;2011-05-23;Paperback;44.99 USD
 C Programming for Beginners: Learn with Examples;150317591X;9781503175914; Mr. Sandy Paul;CreateSpace Independent Publishing Platform;examples, learn, beginners, programming;106;2014-11-10;Paperback;12.99 USD
 Agile Principles, Patterns, and Practices in C#;0131857258;9780131857254;Robert C. Martin, Micah Martin;Prentice Hall;practices, patterns, principles, agile;768;2006-07-30;Hardcover;74.99 USD
 Beginning C# Object-Oriented Programming (Expert's Voice in .NET);1430249358;9781430249351; Dan Clark;Apress;voice, net, expert, programming, object, oriented, beginning;384;2013-03-26;Paperback;49.99 USD
 C Programming For the PC the MAC and the Arduino Microcontroller System;1491880503;9781491880500; Peter D. Minns;AuthorHouseUK;system, microcontroller, arduino, mac, programming;250;2013-11-12;Paperback;27.39 USD
 C Programming for Engineering and Computer Science (B.E.S.T. Series);0079136788;9780079136787;H.H. Tan, Tim D\'Orazio;McGraw-Hill Science/Engineering/Math;series, science, computer, engineering, programming;600;1998-09-17;Paperback;57.94 USD
 C Programming for Midi;0934375860;9780934375863; Jim Conger;M & T Books;midi, programming;219;1988-04;Paperback;22.95 USD
 Applied Cryptography: Protocols, Algorithms and Source Code in C;1119096723;9781119096726; Bruce Schneier;Wiley;source, code, algorithms, protocols, cryptography, applied;784;2015-03-30;Hardcover;70.00 USD
 Learning C# Programming with Unity 3D;1466586524;9781466586529; Alex Okita;A K Peters/CRC Press;unity, programming, learning;690;2014-08-01;Paperback;49.95 USD
 Beginning Programming with C++ For Dummies;1118823877;9781118823873; Stephen R. Davis;For Dummies;dummies, programming, beginning;456;2014-10-27;Paperback;29.99 USD
 C Programming: The Essentials for Engineers and Scientists (Undergraduate Texts in Computer Science);0387986324;9780387986326; David R. Brooks;Springer;texts, computer, science, undergraduate, scientists, essentials, engineers, programming;479;1999-05-01;Hardcover;99.00 USD
 Murach's ASP.NET 4.5 Web Programming with C# 2012 (Murach: Training & Reference);1890774758;9781890774752;Mary Delamater, Anne Boehm;Mike Murach & Associates;murach, training, reference, programming, web, asp, net;856;2013-08-07;Paperback;57.50 USD
 C Programming A Modern Approach: With 2000+ C Codes And 23+ Complete Chapter's;150053319X;9781500533199; Harry. H. Chaudhary.;CreateSpace Independent Publishing Platform;complete, chapter, codes, approach, modern, programming;394;2014-07-14;Paperback;16.99 USD
 Cracking the Coding Interview: 150 Programming Questions and Solutions;098478280X;9780984782802; Gayle Laakmann McDowell;CareerCup;questions, solutions, programming, interview, coding, cracking;508;2011-08-22;Paperback;39.95 USD
 Programming in Visual C# 2008;0073517216;9780073517216;Julia Case Bradley, Anita Millspaugh;McGraw-Hill/Irwin;visual, programming;679;2009-01-08;Paperback;137.34 USD
 C# Programming: From Problem Analysis to Program Design;1285096266;9781285096261; Barbara Doyle;Cengage Learning;design, program, analysis, problem, programming;1184;2013-04-30;Paperback;201.95 USD
 Effective TCP/IP Programming: 44 Tips to Improve Your Network Programs: 44 Tips to Improve Your Network Programs;0201615894;9780201615890; Jon C. Snader;Addison-Wesley Professional;network, programs, improve, tips, tcp, programming, effective;320;2000-05-14;Paperback;64.99 USD
 Programming 8-bit PIC Microcontrollers in C: with Interactive Hardware Simulation;0750689609;9780750689601; Martin P. Bates;Newnes;hardware, simulation, interactive, microcontrollers, bit, pic, programming;304;2008-07-29;Paperback;50.95 USD
 C Programming;0321287630;9780321287632;Larry Ullman, Marc Liyanage;Peachpit Press;programming;408;2004-10-23;Paperback;26.99 USD
 Practical UML Statecharts in C/C++: Event-Driven Programming for Embedded Systems;0750687061;9780750687065; Miro Samek;CRC Press;programming, embedded, systems, driven, event, uml, statecharts, practical;728;2008-10-01;Paperback;59.95 USD
 C: A Reference Manual (5th Edition);013089592X;9780130895929;Samuel P. Harbison, Guy L. Steele Jr.;Prentice Hall;manual, reference;560;2002-03-03;Paperback;81.40 USD
 Exceptional C++: 47 Engineering Puzzles, Programming Problems, and Solutions;0201615622;9780201615623; Herb Sutter;Addison-Wesley Professional;problems, solutions, programming, puzzles, engineering, exceptional;240;1999-11-28;Paperback;54.99 USD
 C# 5.0 Pocket Reference: Instant Help for C# 5.0 Programmers;1449320171;9781449320171;Joseph Albahari, Ben Albahari;O\'Reilly Media;programmers, instant, reference, pocket;224;2012-06-19;Paperback;14.99 USD
 C# 5.0 All-in-One For Dummies;1118385365;9781118385364;Bill Sempf, Chuck Sphar, Stephen R. Davis;For Dummies;dummies, one;840;2013-01-29;Paperback;39.99 USD
 C Programming :: Step By Step Beginner's To Experts Edition.;1500481122;9781500481124; Harry. H. Chaudhary.;CreateSpace Independent Publishing Platform;experts, beginner, programming;394;2014-07-07;Paperback;16.99 USD
 Topics in C Programming, Revised Edition;0471534048;9780471534044;Stephen G. Kochan, Patrick H. Wood;Wiley;revised, programming, topics;528;1991-05-24;Paperback;49.99 USD
 Introduction to Numerical Programming: A Practical Guide for Scientists and Engineers Using Python and C/C++ (Series in Computational Physics);1466569670;9781466569676; Titus A. Beu;CRC Press;python, using, series, computational, physics, engineers, scientists, numerical, programming, practical, guide, introduction;674;2014-09-03;Hardcover;89.95 USD
 C Quick Syntax Reference;1430264993;9781430264996; Mikael Olsson;Apress;reference, syntax, quick;96;2015-01-21;Paperback;19.99 USD
 Microsoft Visual C++/CLI Step by Step (Step by Step Developer);0735675171;9780735675179; Julian Templeman;Microsoft Press;developer, cli, visual, microsoft;540;2013-08-25;Paperback;44.99 USD
 Problem Solving and Program Design in C (6th Edition);0321535421;9780321535429;Jeri R. Hanly, Elliot B. Koffman;Addison Wesley;design, program, solving, problem;936;2009-02-16;Paperback;131.00 USD
 Programming Embedded Systems: With C and GNU Development Tools, 2nd Edition;0596009836;9780596009830;Michael Barr, Anthony Massa;O\'Reilly Media;development, tools, gnu, systems, embedded, programming;301;2006-10-01;Paperback;49.99 USD
 The Joy of C;047112933X;9780471129332;Lawrence H. Miller, Alexander E. Quilici;Wiley;joy;816;1997-01-30;Paperback;55.53 USD
 C++ For Dummies;111882377X;9781118823774; Stephen R. Davis;For Dummies;dummies;480;2014-06-09;Paperback;29.99 USD
 Embedded Systems with ARM Cortex-M3 Microcontrollers in Assembly Language and C;0982692625;9780982692622; Yifeng Zhu;E-Man Press LLC;assembly, language, microcontrollers, cortex, systems, embedded;542;2014-08-01;Paperback;59.50 USD
 PIC Microcontroller Projects in C, Second Edition: Basic to Advanced;0080999247;9780080999241; Dogan Ibrahim;Newnes;basic, advanced, second, projects, microcontroller, pic;660;2014-05-07;Paperback;64.95 USD
 Theories of Programming Languages;0521106974;9780521106979; John C. Reynolds;Cambridge University Press;languages, programming, theories;516;2009-04-02;Paperback;69.99 USD
 C: From Theory to Practice;1482214504;9781482214505;George S. Tselikis, Nikolaos D. Tselikas;CRC Press;practice, theory;518;2014-02-12;Paperback;79.95 USD
 Programming Problems: A Primer for the Technical Interview (Volume 1);1492175552;9781492175551; Bradley Green;CreateSpace Independent Publishing Platform;interview, volume, technical, primer, problems, programming;154;2012-03-27;Paperback;14.99 USD
 C# 2012 for Programmers (5th Edition) (Deitel Developer Series);0133440575;9780133440577;Paul Deitel, Harvey M. Deitel;Prentice Hall;series, developer, deitel, programmers;1200;2013-10-07;Paperback;59.99 USD
 Learning Python, 5th Edition;1449355730;9781449355739; Mark Lutz;O\'Reilly Media;python, learning;1600;2013-07-06;Paperback;64.99 USD
 Programming iOS 8: Dive Deep into Views, View Controllers, and Frameworks;1491908734;9781491908730; Matt Neuburg;O\'Reilly Media;controllers, frameworks, view, views, ios, dive, programming;1018;2014-12-14;Paperback;54.99 USD
 Introduction to Algorithms, 3rd Edition;0262033844;9780262033848;Thomas H. Cormen, Charles E. Leiserson, Ronald L. Rivest, Clifford Stein;The MIT Press;algorithms, introduction;1312;2009-07-31;Hardcover;92.00 USD
 C and the 8051 (4th Edition);0978399501;9780978399504; Thomas W. Schultz;Wood Island Prints;;464;2008-03-01;Paperback;39.95 USD
 C# Game Programming: For Serious Game Creation;1435455568;9781435455566; Daniel Schuller;Cengage Learning PTR;game, creation, programming, serious;448;2010-06-16;Paperback;49.99 USD
 Adaptive Code via C#: Agile coding with design patterns and SOLID principles (Developer Reference);0735683204;9780735683204; Gary McLean Hall;Microsoft Press;solid, principles, developer, reference, patterns, design, code, via, agile, coding, adaptive;448;2014-10-19;Paperback;49.99 USD
 Designing Audio Effect Plug-Ins in C++: With Digital Audio Signal Processing Theory;0240825152;9780240825151; Will Pirkle;Focal Press;audio, signal, processing, theory, digital, ins, effect, plug, designing;560;2012-10-10;Paperback;63.95 USD
 Head First C#,: A Learner's Guide to Real-World Programming with Visual C# and .NET;1500193690;9781500193690; Harry. H. Chaudhary.;CreateSpace Independent Publishing Platform;programming, visual, net, world, real, first, learner, guide, head;248;2014-06-02;Paperback;12.99 USD
 Programming for Engineers: A Foundational Approach to Learning C and Matlab;3642233023;9783642233029; Aaron R. Bradley;Springer;learning, matlab, approach, foundational, engineers, programming;238;2011-10-25;Hardcover;49.95 USD
 C++ Programming in Easy Steps;1840784326;9781840784329; Mike McGrath;In Easy Steps Limited;steps, easy, programming;192;2011-07-12;Paperback;14.99 USD
 iOS 8 Programming Fundamentals with Swift: Swift, Xcode, and Cocoa Basics;1491908904;9781491908907; Matt Neuburg;O\'Reilly Media;swift, cocoa, basics, xcode, ios, fundamentals, programming;582;2015-04-05;Paperback;49.99 USD
 Programming and Metaprogramming in the Human Biocomputer: Theory and Experiments;051752757X;9780517527573; John C. Lilly;Three Rivers Press/Julian Press;theory, experiments, biocomputer, human, metaprogramming, programming;160;1987-05-27;Paperback;15.00 USD
 Problem Solving and Program Design in C (8th Edition);0134014898;9780134014890;Jeri R. Hanly, Elliot B. Koffman;Prentice Hall;design, program, solving, problem;840;2015-02-27;Paperback;147.00 USD
 Intermediate C Programming;1498711634;9781498711630; Yung-Hsiang Lu;CRC Press;programming, intermediate;544;2015-06-05;Paperback;79.95 USD
 Unix Network Programming, Volume 1: The Sockets Networking API (3rd Edition);0131411551;9780131411555;W. Richard Stevens, Bill Fenner, Andrew M. Rudoff;Addison-Wesley Professional;networking, api, sockets, volume, network, programming, unix;1024;2003-11-24;Hardcover;79.99 USD
 C++ All-in-One For Dummies (For Dummies (Computer/Tech));1118823788;9781118823781;John Paul Mueller, Jeff Cogswell;For Dummies;dummies, tech, computer, one;864;2014-08-18;Paperback;39.99 USD
 Game Programming Gems (Game Programming Gems (W/CD));1584500492;9781584500490; Mark DeLoura;Charles River Media;gems, programming, game;600;2000-08;Hardcover;69.95 USD
 Programming for Chemical Engineers Using C, C++, and MATLAB;1934015091;9781934015094; Raul Raymond Kapuno Jr.;Jones & Bartlett Learning;matlab, using, engineers, chemical, programming;400;2008-01-31;Hardcover;175.95 USD
 C Programming Success in a Day & Rails Programming Professional Made Easy;1511604522;9781511604529; Sam Key;CreateSpace Independent Publishing Platform;programming, made, easy, professional, rails, success, day;58;2015-04-05;Paperback;13.11 USD
 C Programming Success in a Day & JavaScript Professional Programming Made Easy;1511604638;9781511604635; Sam Key;CreateSpace Independent Publishing Platform;programming, made, easy, professional, javascript, success, day;50;2015-04-05;Paperback;13.15 USD
 C Programming Success in a Day & Windows 8 Tips for Beginners;1511604719;9781511604710; Sam Key;CreateSpace Independent Publishing Platform;tips, beginners, windows, day, success, programming;48;2015-04-05;Paperback;12.88 USD
 C Programming Success in a Day & Android Programming In a Day!;151160476X;9781511604765; Sam Key;CreateSpace Independent Publishing Platform;day, programming, android, success;46;2015-04-05;Paperback;12.56 USD
 C Programming Success in a Day & HTML Professional Programming Made Easy (Volume 13);1511606312;9781511606318; Sam Key;CreateSpace Independent Publishing Platform;programming, easy, volume, made, html, success, day, professional;50;2015-04-05;Paperback;12.77 USD
 C Programming Success in a Day & PHP Programming Professional Made Easy;151160641X;9781511606417; Sam Key;CreateSpace Independent Publishing Platform;programming, made, easy, professional, php, success, day;52;2015-04-05;Paperback;12.43 USD
 C Programming Success in a Day & Ruby Programming Professional Made Easy;1511606533;9781511606530; Sam Key;CreateSpace Independent Publishing Platform;programming, made, easy, professional, ruby, success, day;50;2015-04-05;Paperback;12.66 USD
 Windows via C/C++;0735624240;9780735624245;Jeffrey M. Richter, Christophe Nasarre;Microsoft Press;via, windows;848;2007-11-28;Hardcover;69.99 USD
 Game Coding Complete, Fourth Edition;1133776574;9781133776574;Mike McShaffry, David Graham;Cengage Learning PTR;fourth, complete, coding, game;960;2012-03-05;Paperback;59.99 USD
 More Exceptional C++: 40 New Engineering Puzzles, Programming Problems, and Solutions;020170434X;9780201704341; Herb Sutter;Addison-Wesley Professional;problems, solutions, programming, puzzles, new, engineering, exceptional;304;2001-12-27;Paperback;49.99 USD
 TCP/IP Sockets in C#: Practical Guide for Programmers (The Practical Guides);0124660517;9780124660519;David Makofske, Michael J. Donahoo, Kenneth L. Calvert;Morgan Kaufmann;practical, guides, programmers, guide, tcp, sockets;175;2004-05-13;Paperback;33.95 USD
 The Art of C Programming;0387963928;9780387963921;Robin Jones, Ian Stewart;Springer;programming, art;186;1986-12-22;Paperback;99.00 USD
 A Step-by-Step Guide to C Programming;013339946X;9780133399462; Jean Paul Corriveau;Prentice Hall;programming, guide;825;1997-11-27;Paperback;210.60 USD
 A First Book of ANSI C, Third Edition;0534379648;9780534379643; Gary J. Bronson;Course Technology;third, ansi, book, first;768;2000-08-30;Paperback;120.95 USD
 Learning Cocoa with Objective-C: Developing for the Mac and iOS App Stores;149190139X;9781491901397;Paris Buttfield-Addison, Jonathon Manning, Tim Nugent;O\'Reilly Media;ios, app, stores, mac, developing, cocoa, objective, learning;388;2014-03-27;Paperback;39.99 USD
 A Retargetable C Compiler: Design and Implementation;0805316701;9780805316704;David R. Hanson, Christopher W. Fraser;Addison-Wesley Professional;implementation, design, compiler, retargetable;592;1995-02-10;Paperback;69.99 USD
 Game Programming Patterns;0990582906;9780990582908; Robert Nystrom;Genever Benning;patterns, programming, game;354;2014-11-02;Paperback;39.95 USD
 Fractal Programming in C;1558510370;9781558510371; Roger T. Stevens;M & T Books;programming, fractal;958;1989-08;Paperback;29.95 USD
 Types and Programming Languages;0262162091;9780262162098; Benjamin C. Pierce;The MIT Press;languages, programming, types;645;2002-02-01;Hardcover;85.00 USD
 C++14 FAQs;1500239879;9781500239879; Chandra Shekhar Kumar;CreateSpace Independent Publishing Platform;faqs;104;2014-06-19;Paperback;14.99 USD
 MCSD Certification Toolkit (Exam 70-483): Programming in C#;1118612094;9781118612095;Tiberiu Covaci, Rod Stephens, Vincent Varallo, Gerry O\'Brien;Wrox;programming, exam, toolkit, certification, mcsd;648;2013-05-13;Paperback;59.99 USD
 Pro C# 5.0 and the .NET 4.5 Framework (Expert's Voice in .NET);1430242337;9781430242338; Andrew Troelsen;Apress;net, voice, expert, framework, pro;1560;2012-08-21;Paperback;59.99 USD
 Programming Massively Parallel Processors, Second Edition: A Hands-on Approach;0124159923;9780124159921;David B. Kirk, Wen-mei W. Hwu;Morgan Kaufmann;hands, approach, second, processors, massively, parallel, programming;514;2012-12-28;Paperback;74.95 USD
 Microsoft C: Programming for the PC;0672226618;9780672226618; Robert Lafore;Sams Publishing;programming, microsoft;748;1989-02;Paperback;Unknown
 The Concurrent C Programming Language;0929306007;9780929306001;Narain Gehani, William D. Roome;Silicon Pr;language, programming, concurrent;303;1989-03;Paperback;35.95 USD
 Sams Teach Yourself Objective-C in 24 Hours (2nd Edition);0672334496;9780672334498; Jesse Feiler;Sams Publishing;hours, objective, yourself, teach, sams;368;2014-03-19;Paperback;39.99 USD
 Computer Graphics: Principles and Practice in C (2nd Edition);0201848406;9780201848403;James D. Foley, Andries van Dam, Steven K. Feiner, John F. Hughes;Addison-Wesley Professional;practice, principles, graphics, computer;1200;1995-08-14;Hardcover;99.99 USD
 Sams Teach Yourself C in 21 Days (6th Edition);0672324482;9780672324482;Bradley L. Jones, Peter Aitken;Sams Publishing;days, yourself, teach, sams;960;2002-10-05;Paperback;49.99 USD
 A Tour of C Programming :: For First Time Beginner's With 2000+ C Codes;1500529559;9781500529550; Harry. H. Chaudhary.;CreateSpace Independent Publishing Platform;beginner, codes, time, first, programming, tour;394;2014-07-14;Paperback;16.99 USD
 Study Guide: for C Programming: A Modern Approach;0393969460;9780393969467; Manuel E. Bermudez;W. W. Norton & Company;approach, modern, programming, guide, study;256;1998-01-17;Paperback;Unknown
 Advanced Topics in C: Core Concepts in Data Structures (Expert's Voice in C);1430264004;9781430264002; Noel Kalicharan;Apress;structures, expert, voice, data, concepts, topics, core, advanced;312;2013-10-29;Paperback;49.99 USD
 Introduction to C Programming with the TMS320LF2407A(TM) DSP Controller;145658880X;9781456588809; George Terzakis;CreateSpace Independent Publishing Platform;controller, dsp, tms320lf2407a, programming, introduction;422;2011-02-07;Paperback;38.00 USD
 Programming Projects in C for Students of Engineering, Science, and Mathematics;161197349X;9781611973495; Rouben Rostamian;SIAM-Society for Industrial and Applied Mathematics;science, mathematics, engineering, students, projects, programming;409;2014-09-03;Paperback;69.00 USD
 Memory as a Programming Concept in C and C++;0521520436;9780521520430; Frantisek Franek;Cambridge University Press;concept, programming, memory;276;2003-11-17;Paperback;49.99 USD
 Pocket Guide to TCP/IP Socket Programming in C (Morgan Kaufmann Series in Networking);1558606866;9781558606869;Michael J. Donahoo, Kenneth L. Calvert;Morgan Kaufmann;kaufmann, series, networking, morgan, programming, guide, tcp, socket, pocket;130;2000-08-21;Paperback;15.95 USD
 Clean Code: A Handbook of Agile Software Craftsmanship;0132350882;9780132350884; Robert C. Martin;Prentice Hall;software, craftsmanship, agile, handbook, code, clean;464;2008-08-11;Paperback;49.99 USD
 Beginner's Guide To Embedded C Programming: Using The Pic Microcontroller And The Hitech Picc-Lite C Compiler;1438231598;9781438231594; Chuck Hellebuyck;CreateSpace Independent Publishing Platform;hitech, picc, lite, compiler, microcontroller, pic, guide, embedded, programming, using, beginner;202;2008-05-25;Paperback;39.95 USD
 Beginning Arduino Programming (Technology in Action);1430237775;9781430237778; Brian Evans;Apress;action, technology, programming, arduino, beginning;272;2011-10-16;Paperback;39.99 USD
 Beginning C, 5th Edition (Expert's Voice in C);1430248815;9781430248811; Ivor Horton;Apress;voice, expert, beginning;688;2013-02-26;Paperback;59.99 USD
 Python Programming Professional Made Easy & C Programming Professional Made Easy (Volume 17);1508964289;9781508964285; Sam Key;CreateSpace Independent Publishing Platform;easy, made, professional, programming, volume, python;54;2015-03-19;Paperback;14.91 USD
 Beginner's Guide to Embedded C Programming - Volume 3: Creating the SimpleC Library of Functions;1461061253;9781461061250; Chuck Hellebuyck;CreateSpace Independent Publishing Platform;simplec, library, functions, creating, volume, guide, embedded, programming, beginner;196;2011-04-02;Paperback;39.95 USD
 The Waite Group's Microsoft C Programming for the PC;067222738X;9780672227387; Robert W. Lafore;Financial Times Prentice Hall;programming, microsoft, group, waite;1263;1990-10;Paperback;29.95 USD
 Waite Group's Turbo C Programming for the PC (The Waite Group);067222660X;9780672226601; Robert Lafore;Financial Times Prentice Hall;waite, group, programming, turbo;1201;1988-11-01;Paperback;29.95 USD
 Thinking in C++, Volume 2: Practical Programming;0130353132;9780130353139;Bruce Eckel, Chuck Allison;Prentice Hall;programming, practical, volume, thinking;832;2003-12-27;Paperback;91.00 USD
 Jumping into C++;0988927802;9780988927803; Alex Allain;Cprogramming.com;jumping;536;2013-04-19;Paperback;34.99 USD
 C+ C++: Programming With Objects in C and C++;0070296626;9780070296626; Allen I. Holub;Computing Mcgraw-Hill;objects, programming;427;1991-04;Paperback;29.95 USD
 Mathematics and Python Programming;1326017969;9781326017965; J.C. Bautista;lulu.com;programming, python, mathematics;266;2014-09-13;Paperback;21.42 USD
 Objective-C for Absolute Beginners: iPhone, iPad and Mac Programming Made Easy;1430236531;9781430236535;Gary Bennett, Mitchell Fisher, Brad Lees;Apress;programming, made, easy, mac, ipad, absolute, beginners, iphone, objective;340;2011-11-29;Paperback;39.99 USD
 An Introduction to Object-Oriented Programming with Java;0073523305;9780073523309; C. Thomas Wu;McGraw-Hill Science/Engineering/Math;java, programming, oriented, object, introduction;1008;2009-03-24;Paperback;Unknown
 C Programming Success in a Day & C Programming Success in a Day;1508948429;9781508948421; Sam Key;CreateSpace Independent Publishing Platform;day, success, programming;58;2015-03-18;Paperback;14.07 USD
 Programming in ANSI C;0074604015;9780074604014; Balagurusamy;McGraw-Hill Education;ansi, programming;425;1994-03-01;Paperback;Unknown
 Structured C for Engineering and Technology (4th Edition);0130206822;9780130206824;James L. Antonakos, Kenneth C. Mansfield, Thomas A Adamson;Prentice Hall;technology, engineering, structured;896;2000-05-15;Paperback;111.40 USD
 Practical Statecharts in C/C++: Quantum Programming for Embedded Systems with CDROM;1578201101;9781578201105; Miro Samek;CRC Press;systems, cdrom, embedded, programming, statecharts, quantum, practical;389;2002-07-01;Paperback;52.95 USD
 C Programming Without Fear :: A Beginner's Guide That Makes You C Champion Including 2000+ C Codes.;1500521914;9781500521912; Harry. H. Chaudhary.;CreateSpace Independent Publishing Platform;including, codes, champion, makes, beginner, guide, programming;394;2014-07-14;Paperback;15.99 USD
 C Programming: The Essentials for Engineers and Scientists (Undergraduate Texts in Computer Science);1461271614;9781461271611; David R. Brooks;Springer;texts, computer, science, undergraduate, scientists, essentials, engineers, programming;479;2012-10-30;Paperback;99.00 USD
 C Programming for Beginners: 2000+ Code Examples with 23+ Chapter's.;1500533173;9781500533175; Harry. H. Chaudhary.;CreateSpace Independent Publishing Platform;chapter, examples, code, beginners, programming;394;2014-07-14;Paperback;17.99 USD
 Applications Programming in ANSI C (3rd Edition);0023611413;9780023611414;Richard Johnsonbaugh, Martin Kalin;Prentice Hall;ansi, programming, applications;875;1996-12-26;Paperback;190.60 USD
 Professional Parallel Programming with C#: Master Parallel Extensions with .NET 4;0470495995;9780470495995; Gastón C. Hillar;Wrox;parallel, net, extensions, programming, professional, master;576;2010-12-21;Paperback;54.99 USD
 The Spirit of C: An Introduction to Modern Programming;0314285008;9780314285003;Henry Mullish, Herbert L. Cooper;Thomson Learning;programming, modern, introduction, spirit;400;1987-01;Paperback;74.95 USD
 Programming in C++: Lessons and Applications;0072424125;9780072424126;Tim B D\'Orazio, Tim D\'Orazio;McGraw-Hill Science/Engineering/Math;applications, lessons, programming;976;2003-07-01;Paperback;Unknown
 Sams Teach Yourself C for Linux Programming in 21 Days;0672315971;9780672315978; Erik de Castro Lopo;Sams;programming, days, linux, yourself, teach, sams;768;1999-12-22;Paperback;29.99 USD
 Programming Games in C;1558513809;9781558513808; Robert E. Marmelstein;M & T Books;games, programming;350;1994-08;Paperback;34.95 USD
 Programming Microcontrollers in C;1878707140;9781878707147; Ted Van Sickle;Llh Technology Pub;microcontrollers, programming;394;1994-05;Paperback;39.95 USD
 Programming 2D Games;146650868X;9781466508682; Charles Kelly;A K Peters/CRC Press;games, programming;438;2012-06-21;Hardcover;65.95 USD
 Computer Fundamentals and Programming in C;0198084560;9780198084563;Pradip Dey, Manas Ghosh;Oxford University Press;programming, fundamentals, computer;512;2013-08-31;Paperback;34.95 USD
 OpenCL Programming Guide;0321749642;9780321749642;Aaftab Munshi, Benedict Gaster, Timothy G. Mattson, James Fung, Dan Ginsburg;Addison-Wesley Professional;guide, programming, opencl;648;2011-07-23;Paperback;54.99 USD
 C Programming Language Essentials (Essentials Study Guides);0878916962;9780878916962; Ernest C. Ackermann;Research & Education Association;essentials, guides, study, programming, language;128;1998-01-01;Paperback;6.95 USD
 C Programming - A Beginner's Course;1438287844;9781438287843; Noel Kalicharan;CreateSpace Independent Publishing Platform;course, beginner, programming;254;2008-08-22;Paperback;24.95 USD
 The C Programming Language :: Golden Beginner's To Experts Edition;150048492X;9781500484927; Harry. H. Chaudhary.;CreateSpace Independent Publishing Platform;experts, beginner, golden, language, programming;394;2014-07-10;Paperback;17.99 USD
 C Programming for the Absolute Beginner;1931841527;9781931841528; Michael Vine;Course Technology PTR;beginner, absolute, programming;280;2002-09-09;Paperback;29.99 USD
 Beginner's Guide to Embedded C Programming - Volume 2: Timers, Interrupts, Communication, Displays and More;1448628148;9781448628148; Chuck Hellebuyck;CreateSpace Independent Publishing Platform;interrupts, communication, displays, timers, volume, guide, embedded, programming, beginner;206;2009-06-22;Paperback;39.95 USD
 Beginning Programming with Java For Dummies;1118407814;9781118407813; Burd;For Dummies;dummies, java, programming, beginning;480;2014-06-23;Paperback;29.99 USD
 C++ Network Programming, Volume 2: Systematic Reuse with ACE and Frameworks;0201795256;9780201795257;Douglas Schmidt, Stephen D. Huston;Addison-Wesley Professional;ace, frameworks, reuse, systematic, programming, volume, network;384;2002-11-08;Paperback;64.99 USD
 Beginning iPhone SDK Programming with Objective-C;0470500972;9780470500972; Wei-Meng Lee;Wrox;objective, programming, sdk, iphone, beginning;552;2010-01-07;Paperback;39.99 USD
 C Language Programming (Chinese Edition);7115273677;9787115273673; Peng Zheng Wen Lu Xin;Posts and Telecom Press;chinese, programming, language;246;2012-01-01;Paperback;Unknown
 Mastering C Pointers: Tools for Programming Power;012697408X;9780126974089; Robert J. Traister;Academic Press Inc;power, programming, tools, pointers, mastering;180;1990;Hardcover;Unknown
 Linux: Linux Command Line - A Complete Introduction To The Linux Operating System And Command Line (With Pics) (Unix, Linux kemel, Linux command line, ... CSS, C++, Java, PHP, Excel, code) (Volume 1);1507836996;9781507836996; M.J. Brown;CreateSpace Independent Publishing Platform;linux, line, command, java, php, code, volume, css, excel, pics, introduction, complete, operating, system, unix, kemel;82;2015-02-03;Paperback;12.99 USD
 Object Oriented Programming with C++: 6e;9383286504;9789383286508; E Balagurusamy;Tata McGraw Hill Education Private Limited;programming, oriented, object;562;2013-05-20;Paperback;16.95 USD
 Problem Solving with C++: The Object of Programming, Fifth Edition;0321268652;9780321268655; Walter Savitch;Addison Wesley;fifth, programming, object, solving, problem;960;2004-05-14;Paperback;109.00 USD
 Embedded C Programming and the Microchip PIC;1401837484;9781401837488;Richard H. Barnett, Sarah Cox, Larry O\'Cull;Cengage Learning;pic, microchip, programming, embedded;497;2003-11-03;Paperback;209.95 USD
 Beginning Programming All-In-One Desk Reference For Dummies;0470108541;9780470108543; Wallace Wang;For Dummies;reference, dummies, desk, one, programming, beginning;720;2008-06-03;Paperback;34.99 USD
 Numerical Methods for Engineers: With Software and Programming Applications;0072431938;9780072431933;Steven C. Chapra, Raymond Canale;McGraw-Hill Science/Engineering/Math;programming, applications, software, engineers, methods, numerical;944;2001-07-16;Hardcover;121.25 USD
 C Programming Success in a Day & MYSQL Programming Professional Made Easy (Volume 10);1511589620;9781511589628; Sam Key;CreateSpace Independent Publishing Platform;programming, easy, volume, made, mysql, success, day, professional;52;2015-04-03;Paperback;13.20 USD
 Beginning ASP.NET 4.5: in C# and VB;1118311809;9781118311806; Imar Spaanjaars;Wrox;net, asp, beginning;888;2012-11-06;Paperback;44.99 USD
 Programming in Visual Basic 2010;0073517259;9780073517254;Julia Case Bradley, Anita Millspaugh;McGraw-Hill/Irwin;basic, visual, programming;704;2010-07-28;Paperback;Unknown
 Advanced Topics in Types and Programming Languages;0262162288;9780262162289; Unknown;The MIT Press;languages, programming, types, topics, advanced;608;2004-12-23;Hardcover;74.00 USD
 The Denotational Description of Programming Languages: An Introduction;0387904336;9780387904337; Michael J.C. Gordon;Springer;introduction, languages, programming, description, denotational;162;1984-02-28;Paperback;99.00 USD
 Problem Solving with C++ (6th Edition);0321412699;9780321412690; Walter Savitch;Addison Wesley;solving, problem;1056;2006-03-10;Paperback;103.00 USD
 C Programming Professional.: Sixth Edition 2014 For Beginner's.;1495995763;9781495995767; Harry Hariom Choudhary;CreateSpace Independent Publishing Platform;beginner, sixth, professional, programming;408;2014-02-18;Paperback;16.99 USD
 C Programming Proverbs and Quick Reference;067230130X;9780672301308; Ron Wodaski;Sams Publishing;reference, quick, proverbs, programming;350;1992-10;Paperback;14.95 USD
 C Programming in Easy Steps;0760755043;9780760755044; Mike McGrath;Barnes and Noble;steps, easy, programming;192;2004;Paperback;Unknown
 C++ For Dummies;0470317264;9780470317266; Stephen R. Davis;For Dummies;dummies;432;2009-05-11;Paperback;29.99 USD
 C Programming for Unix;0672485184;9780672485183; John Valley;Sams Publishing;unix, programming;400;1992-11;Paperback;29.95 USD
 C Programmer's Toolkit (Programming series);0880227885;9780880227889; Jack J. Purdum;Que Pub;series, programming, toolkit, programmer;700;1991-11;Paperback;39.95 USD
 Mastering C# Database Programming;0782141838;9780782141832; Jason Price;Sybex;programming, database, mastering;800;2003-05-06;Paperback;59.99 USD
 Basic IBM Mainframe Assembly Language Programming;146357875X;9781463578756; Kevin C O\'Kane;CreateSpace Independent Publishing Platform;language, programming, assembly, mainframe, ibm, basic;234;2011-06-21;Paperback;14.99 USD
 Code: The Hidden Language of Computer Hardware and Software;0735611319;9780735611313; Charles Petzold;Microsoft Press;hardware, software, computer, language, hidden, code;400;2000-10-21;Paperback;22.99 USD
 Nonlinear Programming: Theory and Algorithms;0471486000;9780471486008;Mokhtar S. Bazaraa, Hanif D. Sherali, C. M. Shetty;Wiley-Interscience;algorithms, theory, programming, nonlinear;872;2006-05-05;Hardcover;164.00 USD
 Microsoft Visual C# 2012: An Introduction to Object-Oriented Programming;1285096339;9781285096339; Joyce Farrell;Cengage Learning;oriented, programming, object, introduction, visual, microsoft;864;2013-03-04;Paperback;184.95 USD
 Secure Coding in C and C++;0321335724;9780321335722; Robert C. Seacord;Addison-Wesley Professional;coding, secure;368;2005-09-19;Paperback;54.99 USD
 Programming WCF Services: Design and Build Maintainable Service-Oriented Systems;1491944838;9781491944837;Juval Lowy, Michael Montgomery;O\'Reilly Media;service, oriented, systems, maintainable, build, wcf, services, design, programming;900;2015-08-25;Paperback;59.99 USD
 Effective Objective-C 2.0: 52 Specific Ways to Improve Your iOS and OS X Programs (Effective Software Development Series);0321917014;9780321917010; Matt Galloway;Addison-Wesley Professional;effective, software, development, series, programs, improve, objective, specific, ways, ios;320;2013-05-26;Paperback;44.99 USD
 Just Enough C/C++ Programming;1598634682;9781598634686; Guy W. Lecky-Thompson;Cengage Learning PTR;programming;400;2007-11-12;Paperback;29.99 USD
 Inside Visual C++: With CDROM (Microsoft Programming Series);1572315652;9781572315655; David J Kruglinski;Microsoft Press;programming, series, microsoft, cdrom, visual, inside;940;1997-06-01;Paperback;49.99 USD
 Revolutionary Guide to MFC 4.0 Programming with Visual C++, with CD-ROM;1874416923;9781874416920; Mike Blaszczak;Wrox Press;visual, rom, programming, mfc, guide, revolutionary;871;1996-05;Paperback;49.95 USD
 C++: A Dialog: Programming with the C++ Standard Library;0130094021;9780130094025;Steve Heller, Chrysalis Software Corp.;Prentice Hall PTR;library, standard, programming, dialog;1122;2002-08-30;Paperback;44.99 USD
 Network Programming in C/Book and Disk (Programming series);0880225696;9780880225694; Barry Nance;Que;programming, series, disk, book, network;648;1990-05;Paperback;49.95 USD
 Introduction to Scientific Programming: Computational Problem Solving Using Maple and C;0387946306;9780387946306; Joseph L. Zachary;Springer;solving, using, maple, problem, computational, scientific, programming, introduction;380;1996-09-26;Hardcover;99.00 USD
 Software and Hardware Engineering: Assembly and C Programming for the Freescale HCS12 Microcontroller;0195308263;9780195308266; Fredrick M. Cady;Oxford University Press;freescale, hcs12, microcontroller, programming, assembly, hardware, engineering, software;736;2007-02-28;Paperback;127.95 USD
 Beginning C# Object-Oriented Programming (Expert's Voice in C#);1430235306;9781430235309; Dan Clark;Apress;expert, voice, programming, oriented, object, beginning;378;2011-05-30;Paperback;49.99 USD
 Practical Database Programming With Visual C#.NET;0470467274;9780470467275; Ying Bai;Wiley-IEEE Press;net, visual, programming, database, practical;936;2010-04-05;Paperback;118.00 USD
 Buffer Overflow Attacks: Detect, Exploit, Prevent;1932266674;9781932266672;James C. Foster, Vitaly Osipov, Nish Bhalla;Syngress;exploit, prevent, detect, attacks, overflow, buffer;512;2005-03-07;Paperback;38.95 USD
 Advanced Test in C and Embedded System Programming;8176566764;9788176566766; Ashok K. Pathak;BPB Publications;programming, system, embedded, test, advanced;169;2003-08-11;Paperback;12.50 USD
